img_path,mask_path,timestep,slice,split
/mnt/vstor/CSE_MSE_RXF131/cradle-members/mds-rely/tgc17/repositories/xct-aluminum-bondwire-corrosion/data/processed/images/timestep_030_slice_0190.png,/mnt/vstor/CSE_MSE_RXF131/cradle-members/mds-rely/tgc17/repositories/xct-aluminum-bondwire-corrosion/data/processed/masks/timestep_030_slice_0190.png,30,190,train
/mnt/vstor/CSE_MSE_RXF131/cradle-members/mds-rely/tgc17/repositories/xct-aluminum-bondwire-corrosion/data/processed/images/timestep_030_slice_0191.png,/mnt/vstor/CSE_MSE_RXF131/cradle-members/mds-rely/tgc17/repositories/xct-aluminum-bondwire-corrosion/data/processed/masks/timestep_030_slice_0191.png,30,191,train
/mnt/vstor/CSE_MSE_RXF131/cradle-members/mds-rely/tgc17/repositories/xct-aluminum-bondwire-corrosion/data/processed/images/timestep_030_slice_0192.png,/mnt/vstor/CSE_MSE_RXF131/cradle-members/mds-rely/tgc17/repositories/xct-aluminum-bondwire-corrosion/data/processed/masks/timestep_030_slice_0192.png,30,192,train
/mnt/vstor/CSE_MSE_RXF131/cradle-members/mds-rely/tgc17/repositories/xct-aluminum-bondwire-corrosion/data/processed/images/timestep_030_slice_0193.png,/mnt/vstor/CSE_MSE_RXF131/cradle-members/mds-rely/tgc17/repositories/xct-aluminum-bondwire-corrosion/data/processed/masks/timestep_030_slice_0193.png,30,193,train
/mnt/vstor/CSE_MSE_RXF131/cradle-members/mds-rely/tgc17/repositories/xct-aluminum-bondwire-corrosion/data/processed/images/timestep_030_slice_0270.png,/mnt/vstor/CSE_MSE_RXF131/cradle-members/mds-rely/tgc17/repositories/xct-aluminum-bondwire-corrosion/data/processed/masks/timestep_030_slice_0270.png,30,270,train
/mnt/vstor/CSE_MSE_RXF131/cradle-members/mds-rely/tgc17/repositories/xct-aluminum-bondwire-corrosion/data/processed/images/timestep_030_slice_0271.png,/mnt/vstor/CSE_MSE_RXF131/cradle-members/mds-rely/tgc17/repositories/xct-aluminum-bondwire-corrosion/data/processed/masks/timestep_030_slice_0271.png,30,271,train
/mnt/vstor/CSE_MSE_RXF131/cradle-members/mds-rely/tgc17/repositories/xct-aluminum-bondwire-corrosion/data/processed/images/timestep_030_slice_0272.png,/mnt/vstor/CSE_MSE_RXF131/cradle-members/mds-rely/tgc17/repositories/xct-aluminum-bondwire-corrosion/data/processed/masks/timestep_030_slice_0272.png,30,272,train
/mnt/vstor/CSE_MSE_RXF131/cradle-members/mds-rely/tgc17/repositories/xct-aluminum-bondwire-corrosion/data/processed/images/timestep_030_slice_0279.png,/mnt/vstor/CSE_MSE_RXF131/cradle-members/mds-rely/tgc17/repositories/xct-aluminum-bondwire-corrosion/data/processed/masks/timestep_030_slice_0279.png,30,279,train
/mnt/vstor/CSE_MSE_RXF131/cradle-members/mds-rely/tgc17/repositories/xct-aluminum-bondwire-corrosion/data/processed/images/timestep_030_slice_0280.png,/mnt/vstor/CSE_MSE_RXF131/cradle-members/mds-rely/tgc17/repositories/xct-aluminum-bondwire-corrosion/data/processed/masks/timestep_030_slice_0280.png,30,280,train
/mnt/vstor/CSE_MSE_RXF131/cradle-members/mds-rely/tgc17/repositories/xct-aluminum-bondwire-corrosion/data/processed/images/timestep_030_slice_0282.png,/mnt/vstor/CSE_MSE_RXF131/cradle-members/mds-rely/tgc17/repositories/xct-aluminum-bondwire-corrosion/data/processed/masks/timestep_030_slice_0282.png,30,282,train
/mnt/vstor/CSE_MSE_RXF131/cradle-members/mds-rely/tgc17/repositories/xct-aluminum-bondwire-corrosion/data/processed/images/timestep_030_slice_0283.png,/mnt/vstor/CSE_MSE_RXF131/cradle-members/mds-rely/tgc17/repositories/xct-aluminum-bondwire-corrosion/data/processed/masks/timestep_030_slice_0283.png,30,283,train
/mnt/vstor/CSE_MSE_RXF131/cradle-members/mds-rely/tgc17/repositories/xct-aluminum-bondwire-corrosion/data/processed/images/timestep_030_slice_0284.png,/mnt/vstor/CSE_MSE_RXF131/cradle-members/mds-rely/tgc17/repositories/xct-aluminum-bondwire-corrosion/data/processed/masks/timestep_030_slice_0284.png,30,284,train
/mnt/vstor/CSE_MSE_RXF131/cradle-members/mds-rely/tgc17/repositories/xct-aluminum-bondwire-corrosion/data/processed/images/timestep_030_slice_0289.png,/mnt/vstor/CSE_MSE_RXF131/cradle-members/mds-rely/tgc17/repositories/xct-aluminum-bondwire-corrosion/data/processed/masks/timestep_030_slice_0289.png,30,289,train
/mnt/vstor/CSE_MSE_RXF131/cradle-members/mds-rely/tgc17/repositories/xct-aluminum-bondwire-corrosion/data/processed/images/timestep_030_slice_0558.png,/mnt/vstor/CSE_MSE_RXF131/cradle-members/mds-rely/tgc17/repositories/xct-aluminum-bondwire-corrosion/data/processed/masks/timestep_030_slice_0558.png,30,558,train
/mnt/vstor/CSE_MSE_RXF131/cradle-members/mds-rely/tgc17/repositories/xct-aluminum-bondwire-corrosion/data/processed/images/timestep_030_slice_0559.png,/mnt/vstor/CSE_MSE_RXF131/cradle-members/mds-rely/tgc17/repositories/xct-aluminum-bondwire-corrosion/data/processed/masks/timestep_030_slice_0559.png,30,559,train
/mnt/vstor/CSE_MSE_RXF131/cradle-members/mds-rely/tgc17/repositories/xct-aluminum-bondwire-corrosion/data/processed/images/timestep_030_slice_0560.png,/mnt/vstor/CSE_MSE_RXF131/cradle-members/mds-rely/tgc17/repositories/xct-aluminum-bondwire-corrosion/data/processed/masks/timestep_030_slice_0560.png,30,560,train
/mnt/vstor/CSE_MSE_RXF131/cradle-members/mds-rely/tgc17/repositories/xct-aluminum-bondwire-corrosion/data/processed/images/timestep_030_slice_0561.png,/mnt/vstor/CSE_MSE_RXF131/cradle-members/mds-rely/tgc17/repositories/xct-aluminum-bondwire-corrosion/data/processed/masks/timestep_030_slice_0561.png,30,561,train
/mnt/vstor/CSE_MSE_RXF131/cradle-members/mds-rely/tgc17/repositories/xct-aluminum-bondwire-corrosion/data/processed/images/timestep_030_slice_0562.png,/mnt/vstor/CSE_MSE_RXF131/cradle-members/mds-rely/tgc17/repositories/xct-aluminum-bondwire-corrosion/data/processed/masks/timestep_030_slice_0562.png,30,562,train
/mnt/vstor/CSE_MSE_RXF131/cradle-members/mds-rely/tgc17/repositories/xct-aluminum-bondwire-corrosion/data/processed/images/timestep_030_slice_0563.png,/mnt/vstor/CSE_MSE_RXF131/cradle-members/mds-rely/tgc17/repositories/xct-aluminum-bondwire-corrosion/data/processed/masks/timestep_030_slice_0563.png,30,563,train
/mnt/vstor/CSE_MSE_RXF131/cradle-members/mds-rely/tgc17/repositories/xct-aluminum-bondwire-corrosion/data/processed/images/timestep_030_slice_0564.png,/mnt/vstor/CSE_MSE_RXF131/cradle-members/mds-rely/tgc17/repositories/xct-aluminum-bondwire-corrosion/data/processed/masks/timestep_030_slice_0564.png,30,564,train
/mnt/vstor/CSE_MSE_RXF131/cradle-members/mds-rely/tgc17/repositories/xct-aluminum-bondwire-corrosion/data/processed/images/timestep_030_slice_0565.png,/mnt/vstor/CSE_MSE_RXF131/cradle-members/mds-rely/tgc17/repositories/xct-aluminum-bondwire-corrosion/data/processed/masks/timestep_030_slice_0565.png,30,565,train
/mnt/vstor/CSE_MSE_RXF131/cradle-members/mds-rely/tgc17/repositories/xct-aluminum-bondwire-corrosion/data/processed/images/timestep_030_slice_0566.png,/mnt/vstor/CSE_MSE_RXF131/cradle-members/mds-rely/tgc17/repositories/xct-aluminum-bondwire-corrosion/data/processed/masks/timestep_030_slice_0566.png,30,566,train
/mnt/vstor/CSE_MSE_RXF131/cradle-members/mds-rely/tgc17/repositories/xct-aluminum-bondwire-corrosion/data/processed/images/timestep_030_slice_0567.png,/mnt/vstor/CSE_MSE_RXF131/cradle-members/mds-rely/tgc17/repositories/xct-aluminum-bondwire-corrosion/data/processed/masks/timestep_030_slice_0567.png,30,567,train
/mnt/vstor/CSE_MSE_RXF131/cradle-members/mds-rely/tgc17/repositories/xct-aluminum-bondwire-corrosion/data/processed/images/timestep_030_slice_0569.png,/mnt/vstor/CSE_MSE_RXF131/cradle-members/mds-rely/tgc17/repositories/xct-aluminum-bondwire-corrosion/data/processed/masks/timestep_030_slice_0569.png,30,569,train
/mnt/vstor/CSE_MSE_RXF131/cradle-members/mds-rely/tgc17/repositories/xct-aluminum-bondwire-corrosion/data/processed/images/timestep_030_slice_0570.png,/mnt/vstor/CSE_MSE_RXF131/cradle-members/mds-rely/tgc17/repositories/xct-aluminum-bondwire-corrosion/data/processed/masks/timestep_030_slice_0570.png,30,570,train
/mnt/vstor/CSE_MSE_RXF131/cradle-members/mds-rely/tgc17/repositories/xct-aluminum-bondwire-corrosion/data/processed/images/timestep_030_slice_0571.png,/mnt/vstor/CSE_MSE_RXF131/cradle-members/mds-rely/tgc17/repositories/xct-aluminum-bondwire-corrosion/data/processed/masks/timestep_030_slice_0571.png,30,571,train
/mnt/vstor/CSE_MSE_RXF131/cradle-members/mds-rely/tgc17/repositories/xct-aluminum-bondwire-corrosion/data/processed/images/timestep_030_slice_0572.png,/mnt/vstor/CSE_MSE_RXF131/cradle-members/mds-rely/tgc17/repositories/xct-aluminum-bondwire-corrosion/data/processed/masks/timestep_030_slice_0572.png,30,572,train
/mnt/vstor/CSE_MSE_RXF131/cradle-members/mds-rely/tgc17/repositories/xct-aluminum-bondwire-corrosion/data/processed/images/timestep_030_slice_0573.png,/mnt/vstor/CSE_MSE_RXF131/cradle-members/mds-rely/tgc17/repositories/xct-aluminum-bondwire-corrosion/data/processed/masks/timestep_030_slice_0573.png,30,573,train
/mnt/vstor/CSE_MSE_RXF131/cradle-members/mds-rely/tgc17/repositories/xct-aluminum-bondwire-corrosion/data/processed/images/timestep_030_slice_0574.png,/mnt/vstor/CSE_MSE_RXF131/cradle-members/mds-rely/tgc17/repositories/xct-aluminum-bondwire-corrosion/data/processed/masks/timestep_030_slice_0574.png,30,574,train
/mnt/vstor/CSE_MSE_RXF131/cradle-members/mds-rely/tgc17/repositories/xct-aluminum-bondwire-corrosion/data/processed/images/timestep_030_slice_0575.png,/mnt/vstor/CSE_MSE_RXF131/cradle-members/mds-rely/tgc17/repositories/xct-aluminum-bondwire-corrosion/data/processed/masks/timestep_030_slice_0575.png,30,575,train
/mnt/vstor/CSE_MSE_RXF131/cradle-members/mds-rely/tgc17/repositories/xct-aluminum-bondwire-corrosion/data/processed/images/timestep_030_slice_0576.png,/mnt/vstor/CSE_MSE_RXF131/cradle-members/mds-rely/tgc17/repositories/xct-aluminum-bondwire-corrosion/data/processed/masks/timestep_030_slice_0576.png,30,576,train
/mnt/vstor/CSE_MSE_RXF131/cradle-members/mds-rely/tgc17/repositories/xct-aluminum-bondwire-corrosion/data/processed/images/timestep_030_slice_0577.png,/mnt/vstor/CSE_MSE_RXF131/cradle-members/mds-rely/tgc17/repositories/xct-aluminum-bondwire-corrosion/data/processed/masks/timestep_030_slice_0577.png,30,577,train
/mnt/vstor/CSE_MSE_RXF131/cradle-members/mds-rely/tgc17/repositories/xct-aluminum-bondwire-corrosion/data/processed/images/timestep_030_slice_0578.png,/mnt/vstor/CSE_MSE_RXF131/cradle-members/mds-rely/tgc17/repositories/xct-aluminum-bondwire-corrosion/data/processed/masks/timestep_030_slice_0578.png,30,578,train
/mnt/vstor/CSE_MSE_RXF131/cradle-members/mds-rely/tgc17/repositories/xct-aluminum-bondwire-corrosion/data/processed/images/timestep_030_slice_0579.png,/mnt/vstor/CSE_MSE_RXF131/cradle-members/mds-rely/tgc17/repositories/xct-aluminum-bondwire-corrosion/data/processed/masks/timestep_030_slice_0579.png,30,579,train
/mnt/vstor/CSE_MSE_RXF131/cradle-members/mds-rely/tgc17/repositories/xct-aluminum-bondwire-corrosion/data/processed/images/timestep_030_slice_0580.png,/mnt/vstor/CSE_MSE_RXF131/cradle-members/mds-rely/tgc17/repositories/xct-aluminum-bondwire-corrosion/data/processed/masks/timestep_030_slice_0580.png,30,580,train
/mnt/vstor/CSE_MSE_RXF131/cradle-members/mds-rely/tgc17/repositories/xct-aluminum-bondwire-corrosion/data/processed/images/timestep_030_slice_0581.png,/mnt/vstor/CSE_MSE_RXF131/cradle-members/mds-rely/tgc17/repositories/xct-aluminum-bondwire-corrosion/data/processed/masks/timestep_030_slice_0581.png,30,581,train
/mnt/vstor/CSE_MSE_RXF131/cradle-members/mds-rely/tgc17/repositories/xct-aluminum-bondwire-corrosion/data/processed/images/timestep_030_slice_0582.png,/mnt/vstor/CSE_MSE_RXF131/cradle-members/mds-rely/tgc17/repositories/xct-aluminum-bondwire-corrosion/data/processed/masks/timestep_030_slice_0582.png,30,582,train
/mnt/vstor/CSE_MSE_RXF131/cradle-members/mds-rely/tgc17/repositories/xct-aluminum-bondwire-corrosion/data/processed/images/timestep_030_slice_0583.png,/mnt/vstor/CSE_MSE_RXF131/cradle-members/mds-rely/tgc17/repositories/xct-aluminum-bondwire-corrosion/data/processed/masks/timestep_030_slice_0583.png,30,583,train
/mnt/vstor/CSE_MSE_RXF131/cradle-members/mds-rely/tgc17/repositories/xct-aluminum-bondwire-corrosion/data/processed/images/timestep_030_slice_0596.png,/mnt/vstor/CSE_MSE_RXF131/cradle-members/mds-rely/tgc17/repositories/xct-aluminum-bondwire-corrosion/data/processed/masks/timestep_030_slice_0596.png,30,596,train
/mnt/vstor/CSE_MSE_RXF131/cradle-members/mds-rely/tgc17/repositories/xct-aluminum-bondwire-corrosion/data/processed/images/timestep_030_slice_0597.png,/mnt/vstor/CSE_MSE_RXF131/cradle-members/mds-rely/tgc17/repositories/xct-aluminum-bondwire-corrosion/data/processed/masks/timestep_030_slice_0597.png,30,597,train
/mnt/vstor/CSE_MSE_RXF131/cradle-members/mds-rely/tgc17/repositories/xct-aluminum-bondwire-corrosion/data/processed/images/timestep_030_slice_0907.png,/mnt/vstor/CSE_MSE_RXF131/cradle-members/mds-rely/tgc17/repositories/xct-aluminum-bondwire-corrosion/data/processed/masks/timestep_030_slice_0907.png,30,907,train
/mnt/vstor/CSE_MSE_RXF131/cradle-members/mds-rely/tgc17/repositories/xct-aluminum-bondwire-corrosion/data/processed/images/timestep_030_slice_0908.png,/mnt/vstor/CSE_MSE_RXF131/cradle-members/mds-rely/tgc17/repositories/xct-aluminum-bondwire-corrosion/data/processed/masks/timestep_030_slice_0908.png,30,908,train
/mnt/vstor/CSE_MSE_RXF131/cradle-members/mds-rely/tgc17/repositories/xct-aluminum-bondwire-corrosion/data/processed/images/timestep_030_slice_0910.png,/mnt/vstor/CSE_MSE_RXF131/cradle-members/mds-rely/tgc17/repositories/xct-aluminum-bondwire-corrosion/data/processed/masks/timestep_030_slice_0910.png,30,910,train
/mnt/vstor/CSE_MSE_RXF131/cradle-members/mds-rely/tgc17/repositories/xct-aluminum-bondwire-corrosion/data/processed/images/timestep_038_slice_0280.png,/mnt/vstor/CSE_MSE_RXF131/cradle-members/mds-rely/tgc17/repositories/xct-aluminum-bondwire-corrosion/data/processed/masks/timestep_038_slice_0280.png,38,280,train
/mnt/vstor/CSE_MSE_RXF131/cradle-members/mds-rely/tgc17/repositories/xct-aluminum-bondwire-corrosion/data/processed/images/timestep_038_slice_0290.png,/mnt/vstor/CSE_MSE_RXF131/cradle-members/mds-rely/tgc17/repositories/xct-aluminum-bondwire-corrosion/data/processed/masks/timestep_038_slice_0290.png,38,290,train
/mnt/vstor/CSE_MSE_RXF131/cradle-members/mds-rely/tgc17/repositories/xct-aluminum-bondwire-corrosion/data/processed/images/timestep_038_slice_0312.png,/mnt/vstor/CSE_MSE_RXF131/cradle-members/mds-rely/tgc17/repositories/xct-aluminum-bondwire-corrosion/data/processed/masks/timestep_038_slice_0312.png,38,312,train
/mnt/vstor/CSE_MSE_RXF131/cradle-members/mds-rely/tgc17/repositories/xct-aluminum-bondwire-corrosion/data/processed/images/timestep_038_slice_0400.png,/mnt/vstor/CSE_MSE_RXF131/cradle-members/mds-rely/tgc17/repositories/xct-aluminum-bondwire-corrosion/data/processed/masks/timestep_038_slice_0400.png,38,400,train
/mnt/vstor/CSE_MSE_RXF131/cradle-members/mds-rely/tgc17/repositories/xct-aluminum-bondwire-corrosion/data/processed/images/timestep_038_slice_0565.png,/mnt/vstor/CSE_MSE_RXF131/cradle-members/mds-rely/tgc17/repositories/xct-aluminum-bondwire-corrosion/data/processed/masks/timestep_038_slice_0565.png,38,565,train
/mnt/vstor/CSE_MSE_RXF131/cradle-members/mds-rely/tgc17/repositories/xct-aluminum-bondwire-corrosion/data/processed/images/timestep_038_slice_0575.png,/mnt/vstor/CSE_MSE_RXF131/cradle-members/mds-rely/tgc17/repositories/xct-aluminum-bondwire-corrosion/data/processed/masks/timestep_038_slice_0575.png,38,575,train
/mnt/vstor/CSE_MSE_RXF131/cradle-members/mds-rely/tgc17/repositories/xct-aluminum-bondwire-corrosion/data/processed/images/timestep_038_slice_0595.png,/mnt/vstor/CSE_MSE_RXF131/cradle-members/mds-rely/tgc17/repositories/xct-aluminum-bondwire-corrosion/data/processed/masks/timestep_038_slice_0595.png,38,595,train
/mnt/vstor/CSE_MSE_RXF131/cradle-members/mds-rely/tgc17/repositories/xct-aluminum-bondwire-corrosion/data/processed/images/timestep_038_slice_0607.png,/mnt/vstor/CSE_MSE_RXF131/cradle-members/mds-rely/tgc17/repositories/xct-aluminum-bondwire-corrosion/data/processed/masks/timestep_038_slice_0607.png,38,607,train
/mnt/vstor/CSE_MSE_RXF131/cradle-members/mds-rely/tgc17/repositories/xct-aluminum-bondwire-corrosion/data/processed/images/timestep_038_slice_0910.png,/mnt/vstor/CSE_MSE_RXF131/cradle-members/mds-rely/tgc17/repositories/xct-aluminum-bondwire-corrosion/data/processed/masks/timestep_038_slice_0910.png,38,910,train
/mnt/vstor/CSE_MSE_RXF131/cradle-members/mds-rely/tgc17/repositories/xct-aluminum-bondwire-corrosion/data/processed/images/timestep_038_slice_0957.png,/mnt/vstor/CSE_MSE_RXF131/cradle-members/mds-rely/tgc17/repositories/xct-aluminum-bondwire-corrosion/data/processed/masks/timestep_038_slice_0957.png,38,957,train
/mnt/vstor/CSE_MSE_RXF131/cradle-members/mds-rely/tgc17/repositories/xct-aluminum-bondwire-corrosion/data/processed/images/timestep_059_slice_0165.png,/mnt/vstor/CSE_MSE_RXF131/cradle-members/mds-rely/tgc17/repositories/xct-aluminum-bondwire-corrosion/data/processed/masks/timestep_059_slice_0165.png,59,165,train
/mnt/vstor/CSE_MSE_RXF131/cradle-members/mds-rely/tgc17/repositories/xct-aluminum-bondwire-corrosion/data/processed/images/timestep_059_slice_0166.png,/mnt/vstor/CSE_MSE_RXF131/cradle-members/mds-rely/tgc17/repositories/xct-aluminum-bondwire-corrosion/data/processed/masks/timestep_059_slice_0166.png,59,166,train
/mnt/vstor/CSE_MSE_RXF131/cradle-members/mds-rely/tgc17/repositories/xct-aluminum-bondwire-corrosion/data/processed/images/timestep_059_slice_0167.png,/mnt/vstor/CSE_MSE_RXF131/cradle-members/mds-rely/tgc17/repositories/xct-aluminum-bondwire-corrosion/data/processed/masks/timestep_059_slice_0167.png,59,167,train
/mnt/vstor/CSE_MSE_RXF131/cradle-members/mds-rely/tgc17/repositories/xct-aluminum-bondwire-corrosion/data/processed/images/timestep_059_slice_0168.png,/mnt/vstor/CSE_MSE_RXF131/cradle-members/mds-rely/tgc17/repositories/xct-aluminum-bondwire-corrosion/data/processed/masks/timestep_059_slice_0168.png,59,168,train
/mnt/vstor/CSE_MSE_RXF131/cradle-members/mds-rely/tgc17/repositories/xct-aluminum-bondwire-corrosion/data/processed/images/timestep_059_slice_0170.png,/mnt/vstor/CSE_MSE_RXF131/cradle-members/mds-rely/tgc17/repositories/xct-aluminum-bondwire-corrosion/data/processed/masks/timestep_059_slice_0170.png,59,170,train
/mnt/vstor/CSE_MSE_RXF131/cradle-members/mds-rely/tgc17/repositories/xct-aluminum-bondwire-corrosion/data/processed/images/timestep_059_slice_0171.png,/mnt/vstor/CSE_MSE_RXF131/cradle-members/mds-rely/tgc17/repositories/xct-aluminum-bondwire-corrosion/data/processed/masks/timestep_059_slice_0171.png,59,171,train
/mnt/vstor/CSE_MSE_RXF131/cradle-members/mds-rely/tgc17/repositories/xct-aluminum-bondwire-corrosion/data/processed/images/timestep_059_slice_0172.png,/mnt/vstor/CSE_MSE_RXF131/cradle-members/mds-rely/tgc17/repositories/xct-aluminum-bondwire-corrosion/data/processed/masks/timestep_059_slice_0172.png,59,172,train
/mnt/vstor/CSE_MSE_RXF131/cradle-members/mds-rely/tgc17/repositories/xct-aluminum-bondwire-corrosion/data/processed/images/timestep_059_slice_0173.png,/mnt/vstor/CSE_MSE_RXF131/cradle-members/mds-rely/tgc17/repositories/xct-aluminum-bondwire-corrosion/data/processed/masks/timestep_059_slice_0173.png,59,173,train
/mnt/vstor/CSE_MSE_RXF131/cradle-members/mds-rely/tgc17/repositories/xct-aluminum-bondwire-corrosion/data/processed/images/timestep_059_slice_0174.png,/mnt/vstor/CSE_MSE_RXF131/cradle-members/mds-rely/tgc17/repositories/xct-aluminum-bondwire-corrosion/data/processed/masks/timestep_059_slice_0174.png,59,174,train
/mnt/vstor/CSE_MSE_RXF131/cradle-members/mds-rely/tgc17/repositories/xct-aluminum-bondwire-corrosion/data/processed/images/timestep_059_slice_0176.png,/mnt/vstor/CSE_MSE_RXF131/cradle-members/mds-rely/tgc17/repositories/xct-aluminum-bondwire-corrosion/data/processed/masks/timestep_059_slice_0176.png,59,176,train
/mnt/vstor/CSE_MSE_RXF131/cradle-members/mds-rely/tgc17/repositories/xct-aluminum-bondwire-corrosion/data/processed/images/timestep_059_slice_0177.png,/mnt/vstor/CSE_MSE_RXF131/cradle-members/mds-rely/tgc17/repositories/xct-aluminum-bondwire-corrosion/data/processed/masks/timestep_059_slice_0177.png,59,177,train
/mnt/vstor/CSE_MSE_RXF131/cradle-members/mds-rely/tgc17/repositories/xct-aluminum-bondwire-corrosion/data/processed/images/timestep_059_slice_0178.png,/mnt/vstor/CSE_MSE_RXF131/cradle-members/mds-rely/tgc17/repositories/xct-aluminum-bondwire-corrosion/data/processed/masks/timestep_059_slice_0178.png,59,178,train
/mnt/vstor/CSE_MSE_RXF131/cradle-members/mds-rely/tgc17/repositories/xct-aluminum-bondwire-corrosion/data/processed/images/timestep_059_slice_0179.png,/mnt/vstor/CSE_MSE_RXF131/cradle-members/mds-rely/tgc17/repositories/xct-aluminum-bondwire-corrosion/data/processed/masks/timestep_059_slice_0179.png,59,179,train
/mnt/vstor/CSE_MSE_RXF131/cradle-members/mds-rely/tgc17/repositories/xct-aluminum-bondwire-corrosion/data/processed/images/timestep_059_slice_0182.png,/mnt/vstor/CSE_MSE_RXF131/cradle-members/mds-rely/tgc17/repositories/xct-aluminum-bondwire-corrosion/data/processed/masks/timestep_059_slice_0182.png,59,182,train
/mnt/vstor/CSE_MSE_RXF131/cradle-members/mds-rely/tgc17/repositories/xct-aluminum-bondwire-corrosion/data/processed/images/timestep_059_slice_0184.png,/mnt/vstor/CSE_MSE_RXF131/cradle-members/mds-rely/tgc17/repositories/xct-aluminum-bondwire-corrosion/data/processed/masks/timestep_059_slice_0184.png,59,184,train
/mnt/vstor/CSE_MSE_RXF131/cradle-members/mds-rely/tgc17/repositories/xct-aluminum-bondwire-corrosion/data/processed/images/timestep_059_slice_0198.png,/mnt/vstor/CSE_MSE_RXF131/cradle-members/mds-rely/tgc17/repositories/xct-aluminum-bondwire-corrosion/data/processed/masks/timestep_059_slice_0198.png,59,198,train
/mnt/vstor/CSE_MSE_RXF131/cradle-members/mds-rely/tgc17/repositories/xct-aluminum-bondwire-corrosion/data/processed/images/timestep_059_slice_0199.png,/mnt/vstor/CSE_MSE_RXF131/cradle-members/mds-rely/tgc17/repositories/xct-aluminum-bondwire-corrosion/data/processed/masks/timestep_059_slice_0199.png,59,199,train
/mnt/vstor/CSE_MSE_RXF131/cradle-members/mds-rely/tgc17/repositories/xct-aluminum-bondwire-corrosion/data/processed/images/timestep_059_slice_0204.png,/mnt/vstor/CSE_MSE_RXF131/cradle-members/mds-rely/tgc17/repositories/xct-aluminum-bondwire-corrosion/data/processed/masks/timestep_059_slice_0204.png,59,204,train
/mnt/vstor/CSE_MSE_RXF131/cradle-members/mds-rely/tgc17/repositories/xct-aluminum-bondwire-corrosion/data/processed/images/timestep_059_slice_0205.png,/mnt/vstor/CSE_MSE_RXF131/cradle-members/mds-rely/tgc17/repositories/xct-aluminum-bondwire-corrosion/data/processed/masks/timestep_059_slice_0205.png,59,205,train
/mnt/vstor/CSE_MSE_RXF131/cradle-members/mds-rely/tgc17/repositories/xct-aluminum-bondwire-corrosion/data/processed/images/timestep_059_slice_0206.png,/mnt/vstor/CSE_MSE_RXF131/cradle-members/mds-rely/tgc17/repositories/xct-aluminum-bondwire-corrosion/data/processed/masks/timestep_059_slice_0206.png,59,206,train
/mnt/vstor/CSE_MSE_RXF131/cradle-members/mds-rely/tgc17/repositories/xct-aluminum-bondwire-corrosion/data/processed/images/timestep_059_slice_0209.png,/mnt/vstor/CSE_MSE_RXF131/cradle-members/mds-rely/tgc17/repositories/xct-aluminum-bondwire-corrosion/data/processed/masks/timestep_059_slice_0209.png,59,209,train
/mnt/vstor/CSE_MSE_RXF131/cradle-members/mds-rely/tgc17/repositories/xct-aluminum-bondwire-corrosion/data/processed/images/timestep_059_slice_0213.png,/mnt/vstor/CSE_MSE_RXF131/cradle-members/mds-rely/tgc17/repositories/xct-aluminum-bondwire-corrosion/data/processed/masks/timestep_059_slice_0213.png,59,213,train
/mnt/vstor/CSE_MSE_RXF131/cradle-members/mds-rely/tgc17/repositories/xct-aluminum-bondwire-corrosion/data/processed/images/timestep_059_slice_0215.png,/mnt/vstor/CSE_MSE_RXF131/cradle-members/mds-rely/tgc17/repositories/xct-aluminum-bondwire-corrosion/data/processed/masks/timestep_059_slice_0215.png,59,215,train
/mnt/vstor/CSE_MSE_RXF131/cradle-members/mds-rely/tgc17/repositories/xct-aluminum-bondwire-corrosion/data/processed/images/timestep_059_slice_0216.png,/mnt/vstor/CSE_MSE_RXF131/cradle-members/mds-rely/tgc17/repositories/xct-aluminum-bondwire-corrosion/data/processed/masks/timestep_059_slice_0216.png,59,216,train
/mnt/vstor/CSE_MSE_RXF131/cradle-members/mds-rely/tgc17/repositories/xct-aluminum-bondwire-corrosion/data/processed/images/timestep_059_slice_0220.png,/mnt/vstor/CSE_MSE_RXF131/cradle-members/mds-rely/tgc17/repositories/xct-aluminum-bondwire-corrosion/data/processed/masks/timestep_059_slice_0220.png,59,220,train
/mnt/vstor/CSE_MSE_RXF131/cradle-members/mds-rely/tgc17/repositories/xct-aluminum-bondwire-corrosion/data/processed/images/timestep_059_slice_0226.png,/mnt/vstor/CSE_MSE_RXF131/cradle-members/mds-rely/tgc17/repositories/xct-aluminum-bondwire-corrosion/data/processed/masks/timestep_059_slice_0226.png,59,226,train
/mnt/vstor/CSE_MSE_RXF131/cradle-members/mds-rely/tgc17/repositories/xct-aluminum-bondwire-corrosion/data/processed/images/timestep_059_slice_0227.png,/mnt/vstor/CSE_MSE_RXF131/cradle-members/mds-rely/tgc17/repositories/xct-aluminum-bondwire-corrosion/data/processed/masks/timestep_059_slice_0227.png,59,227,train
/mnt/vstor/CSE_MSE_RXF131/cradle-members/mds-rely/tgc17/repositories/xct-aluminum-bondwire-corrosion/data/processed/images/timestep_059_slice_0229.png,/mnt/vstor/CSE_MSE_RXF131/cradle-members/mds-rely/tgc17/repositories/xct-aluminum-bondwire-corrosion/data/processed/masks/timestep_059_slice_0229.png,59,229,train
/mnt/vstor/CSE_MSE_RXF131/cradle-members/mds-rely/tgc17/repositories/xct-aluminum-bondwire-corrosion/data/processed/images/timestep_059_slice_0232.png,/mnt/vstor/CSE_MSE_RXF131/cradle-members/mds-rely/tgc17/repositories/xct-aluminum-bondwire-corrosion/data/processed/masks/timestep_059_slice_0232.png,59,232,train
/mnt/vstor/CSE_MSE_RXF131/cradle-members/mds-rely/tgc17/repositories/xct-aluminum-bondwire-corrosion/data/processed/images/timestep_059_slice_0233.png,/mnt/vstor/CSE_MSE_RXF131/cradle-members/mds-rely/tgc17/repositories/xct-aluminum-bondwire-corrosion/data/processed/masks/timestep_059_slice_0233.png,59,233,train
/mnt/vstor/CSE_MSE_RXF131/cradle-members/mds-rely/tgc17/repositories/xct-aluminum-bondwire-corrosion/data/processed/images/timestep_059_slice_0235.png,/mnt/vstor/CSE_MSE_RXF131/cradle-members/mds-rely/tgc17/repositories/xct-aluminum-bondwire-corrosion/data/processed/masks/timestep_059_slice_0235.png,59,235,train
/mnt/vstor/CSE_MSE_RXF131/cradle-members/mds-rely/tgc17/repositories/xct-aluminum-bondwire-corrosion/data/processed/images/timestep_059_slice_0236.png,/mnt/vstor/CSE_MSE_RXF131/cradle-members/mds-rely/tgc17/repositories/xct-aluminum-bondwire-corrosion/data/processed/masks/timestep_059_slice_0236.png,59,236,train
/mnt/vstor/CSE_MSE_RXF131/cradle-members/mds-rely/tgc17/repositories/xct-aluminum-bondwire-corrosion/data/processed/images/timestep_059_slice_0237.png,/mnt/vstor/CSE_MSE_RXF131/cradle-members/mds-rely/tgc17/repositories/xct-aluminum-bondwire-corrosion/data/processed/masks/timestep_059_slice_0237.png,59,237,train
/mnt/vstor/CSE_MSE_RXF131/cradle-members/mds-rely/tgc17/repositories/xct-aluminum-bondwire-corrosion/data/processed/images/timestep_059_slice_0238.png,/mnt/vstor/CSE_MSE_RXF131/cradle-members/mds-rely/tgc17/repositories/xct-aluminum-bondwire-corrosion/data/processed/masks/timestep_059_slice_0238.png,59,238,train
/mnt/vstor/CSE_MSE_RXF131/cradle-members/mds-rely/tgc17/repositories/xct-aluminum-bondwire-corrosion/data/processed/images/timestep_059_slice_0243.png,/mnt/vstor/CSE_MSE_RXF131/cradle-members/mds-rely/tgc17/repositories/xct-aluminum-bondwire-corrosion/data/processed/masks/timestep_059_slice_0243.png,59,243,train
/mnt/vstor/CSE_MSE_RXF131/cradle-members/mds-rely/tgc17/repositories/xct-aluminum-bondwire-corrosion/data/processed/images/timestep_059_slice_0277.png,/mnt/vstor/CSE_MSE_RXF131/cradle-members/mds-rely/tgc17/repositories/xct-aluminum-bondwire-corrosion/data/processed/masks/timestep_059_slice_0277.png,59,277,train
/mnt/vstor/CSE_MSE_RXF131/cradle-members/mds-rely/tgc17/repositories/xct-aluminum-bondwire-corrosion/data/processed/images/timestep_059_slice_0279.png,/mnt/vstor/CSE_MSE_RXF131/cradle-members/mds-rely/tgc17/repositories/xct-aluminum-bondwire-corrosion/data/processed/masks/timestep_059_slice_0279.png,59,279,train
/mnt/vstor/CSE_MSE_RXF131/cradle-members/mds-rely/tgc17/repositories/xct-aluminum-bondwire-corrosion/data/processed/images/timestep_059_slice_0285.png,/mnt/vstor/CSE_MSE_RXF131/cradle-members/mds-rely/tgc17/repositories/xct-aluminum-bondwire-corrosion/data/processed/masks/timestep_059_slice_0285.png,59,285,train
/mnt/vstor/CSE_MSE_RXF131/cradle-members/mds-rely/tgc17/repositories/xct-aluminum-bondwire-corrosion/data/processed/images/timestep_059_slice_0286.png,/mnt/vstor/CSE_MSE_RXF131/cradle-members/mds-rely/tgc17/repositories/xct-aluminum-bondwire-corrosion/data/processed/masks/timestep_059_slice_0286.png,59,286,train
/mnt/vstor/CSE_MSE_RXF131/cradle-members/mds-rely/tgc17/repositories/xct-aluminum-bondwire-corrosion/data/processed/images/timestep_059_slice_0296.png,/mnt/vstor/CSE_MSE_RXF131/cradle-members/mds-rely/tgc17/repositories/xct-aluminum-bondwire-corrosion/data/processed/masks/timestep_059_slice_0296.png,59,296,train
/mnt/vstor/CSE_MSE_RXF131/cradle-members/mds-rely/tgc17/repositories/xct-aluminum-bondwire-corrosion/data/processed/images/timestep_059_slice_0396.png,/mnt/vstor/CSE_MSE_RXF131/cradle-members/mds-rely/tgc17/repositories/xct-aluminum-bondwire-corrosion/data/processed/masks/timestep_059_slice_0396.png,59,396,train
/mnt/vstor/CSE_MSE_RXF131/cradle-members/mds-rely/tgc17/repositories/xct-aluminum-bondwire-corrosion/data/processed/images/timestep_059_slice_0397.png,/mnt/vstor/CSE_MSE_RXF131/cradle-members/mds-rely/tgc17/repositories/xct-aluminum-bondwire-corrosion/data/processed/masks/timestep_059_slice_0397.png,59,397,train
/mnt/vstor/CSE_MSE_RXF131/cradle-members/mds-rely/tgc17/repositories/xct-aluminum-bondwire-corrosion/data/processed/images/timestep_059_slice_0399.png,/mnt/vstor/CSE_MSE_RXF131/cradle-members/mds-rely/tgc17/repositories/xct-aluminum-bondwire-corrosion/data/processed/masks/timestep_059_slice_0399.png,59,399,train
/mnt/vstor/CSE_MSE_RXF131/cradle-members/mds-rely/tgc17/repositories/xct-aluminum-bondwire-corrosion/data/processed/images/timestep_059_slice_0402.png,/mnt/vstor/CSE_MSE_RXF131/cradle-members/mds-rely/tgc17/repositories/xct-aluminum-bondwire-corrosion/data/processed/masks/timestep_059_slice_0402.png,59,402,train
/mnt/vstor/CSE_MSE_RXF131/cradle-members/mds-rely/tgc17/repositories/xct-aluminum-bondwire-corrosion/data/processed/images/timestep_059_slice_0406.png,/mnt/vstor/CSE_MSE_RXF131/cradle-members/mds-rely/tgc17/repositories/xct-aluminum-bondwire-corrosion/data/processed/masks/timestep_059_slice_0406.png,59,406,train
/mnt/vstor/CSE_MSE_RXF131/cradle-members/mds-rely/tgc17/repositories/xct-aluminum-bondwire-corrosion/data/processed/images/timestep_059_slice_0486.png,/mnt/vstor/CSE_MSE_RXF131/cradle-members/mds-rely/tgc17/repositories/xct-aluminum-bondwire-corrosion/data/processed/masks/timestep_059_slice_0486.png,59,486,train
/mnt/vstor/CSE_MSE_RXF131/cradle-members/mds-rely/tgc17/repositories/xct-aluminum-bondwire-corrosion/data/processed/images/timestep_059_slice_0487.png,/mnt/vstor/CSE_MSE_RXF131/cradle-members/mds-rely/tgc17/repositories/xct-aluminum-bondwire-corrosion/data/processed/masks/timestep_059_slice_0487.png,59,487,train
/mnt/vstor/CSE_MSE_RXF131/cradle-members/mds-rely/tgc17/repositories/xct-aluminum-bondwire-corrosion/data/processed/images/timestep_059_slice_0488.png,/mnt/vstor/CSE_MSE_RXF131/cradle-members/mds-rely/tgc17/repositories/xct-aluminum-bondwire-corrosion/data/processed/masks/timestep_059_slice_0488.png,59,488,train
/mnt/vstor/CSE_MSE_RXF131/cradle-members/mds-rely/tgc17/repositories/xct-aluminum-bondwire-corrosion/data/processed/images/timestep_059_slice_0490.png,/mnt/vstor/CSE_MSE_RXF131/cradle-members/mds-rely/tgc17/repositories/xct-aluminum-bondwire-corrosion/data/processed/masks/timestep_059_slice_0490.png,59,490,train
/mnt/vstor/CSE_MSE_RXF131/cradle-members/mds-rely/tgc17/repositories/xct-aluminum-bondwire-corrosion/data/processed/images/timestep_059_slice_0491.png,/mnt/vstor/CSE_MSE_RXF131/cradle-members/mds-rely/tgc17/repositories/xct-aluminum-bondwire-corrosion/data/processed/masks/timestep_059_slice_0491.png,59,491,train
/mnt/vstor/CSE_MSE_RXF131/cradle-members/mds-rely/tgc17/repositories/xct-aluminum-bondwire-corrosion/data/processed/images/timestep_059_slice_0492.png,/mnt/vstor/CSE_MSE_RXF131/cradle-members/mds-rely/tgc17/repositories/xct-aluminum-bondwire-corrosion/data/processed/masks/timestep_059_slice_0492.png,59,492,train
/mnt/vstor/CSE_MSE_RXF131/cradle-members/mds-rely/tgc17/repositories/xct-aluminum-bondwire-corrosion/data/processed/images/timestep_059_slice_0493.png,/mnt/vstor/CSE_MSE_RXF131/cradle-members/mds-rely/tgc17/repositories/xct-aluminum-bondwire-corrosion/data/processed/masks/timestep_059_slice_0493.png,59,493,train
/mnt/vstor/CSE_MSE_RXF131/cradle-members/mds-rely/tgc17/repositories/xct-aluminum-bondwire-corrosion/data/processed/images/timestep_059_slice_0495.png,/mnt/vstor/CSE_MSE_RXF131/cradle-members/mds-rely/tgc17/repositories/xct-aluminum-bondwire-corrosion/data/processed/masks/timestep_059_slice_0495.png,59,495,train
/mnt/vstor/CSE_MSE_RXF131/cradle-members/mds-rely/tgc17/repositories/xct-aluminum-bondwire-corrosion/data/processed/images/timestep_059_slice_0496.png,/mnt/vstor/CSE_MSE_RXF131/cradle-members/mds-rely/tgc17/repositories/xct-aluminum-bondwire-corrosion/data/processed/masks/timestep_059_slice_0496.png,59,496,train
/mnt/vstor/CSE_MSE_RXF131/cradle-members/mds-rely/tgc17/repositories/xct-aluminum-bondwire-corrosion/data/processed/images/timestep_059_slice_0497.png,/mnt/vstor/CSE_MSE_RXF131/cradle-members/mds-rely/tgc17/repositories/xct-aluminum-bondwire-corrosion/data/processed/masks/timestep_059_slice_0497.png,59,497,train
/mnt/vstor/CSE_MSE_RXF131/cradle-members/mds-rely/tgc17/repositories/xct-aluminum-bondwire-corrosion/data/processed/images/timestep_059_slice_0499.png,/mnt/vstor/CSE_MSE_RXF131/cradle-members/mds-rely/tgc17/repositories/xct-aluminum-bondwire-corrosion/data/processed/masks/timestep_059_slice_0499.png,59,499,train
/mnt/vstor/CSE_MSE_RXF131/cradle-members/mds-rely/tgc17/repositories/xct-aluminum-bondwire-corrosion/data/processed/images/timestep_059_slice_0502.png,/mnt/vstor/CSE_MSE_RXF131/cradle-members/mds-rely/tgc17/repositories/xct-aluminum-bondwire-corrosion/data/processed/masks/timestep_059_slice_0502.png,59,502,train
/mnt/vstor/CSE_MSE_RXF131/cradle-members/mds-rely/tgc17/repositories/xct-aluminum-bondwire-corrosion/data/processed/images/timestep_059_slice_0512.png,/mnt/vstor/CSE_MSE_RXF131/cradle-members/mds-rely/tgc17/repositories/xct-aluminum-bondwire-corrosion/data/processed/masks/timestep_059_slice_0512.png,59,512,train
/mnt/vstor/CSE_MSE_RXF131/cradle-members/mds-rely/tgc17/repositories/xct-aluminum-bondwire-corrosion/data/processed/images/timestep_059_slice_0565.png,/mnt/vstor/CSE_MSE_RXF131/cradle-members/mds-rely/tgc17/repositories/xct-aluminum-bondwire-corrosion/data/processed/masks/timestep_059_slice_0565.png,59,565,train
/mnt/vstor/CSE_MSE_RXF131/cradle-members/mds-rely/tgc17/repositories/xct-aluminum-bondwire-corrosion/data/processed/images/timestep_059_slice_0566.png,/mnt/vstor/CSE_MSE_RXF131/cradle-members/mds-rely/tgc17/repositories/xct-aluminum-bondwire-corrosion/data/processed/masks/timestep_059_slice_0566.png,59,566,train
/mnt/vstor/CSE_MSE_RXF131/cradle-members/mds-rely/tgc17/repositories/xct-aluminum-bondwire-corrosion/data/processed/images/timestep_059_slice_0567.png,/mnt/vstor/CSE_MSE_RXF131/cradle-members/mds-rely/tgc17/repositories/xct-aluminum-bondwire-corrosion/data/processed/masks/timestep_059_slice_0567.png,59,567,train
/mnt/vstor/CSE_MSE_RXF131/cradle-members/mds-rely/tgc17/repositories/xct-aluminum-bondwire-corrosion/data/processed/images/timestep_059_slice_0569.png,/mnt/vstor/CSE_MSE_RXF131/cradle-members/mds-rely/tgc17/repositories/xct-aluminum-bondwire-corrosion/data/processed/masks/timestep_059_slice_0569.png,59,569,train
/mnt/vstor/CSE_MSE_RXF131/cradle-members/mds-rely/tgc17/repositories/xct-aluminum-bondwire-corrosion/data/processed/images/timestep_059_slice_0573.png,/mnt/vstor/CSE_MSE_RXF131/cradle-members/mds-rely/tgc17/repositories/xct-aluminum-bondwire-corrosion/data/processed/masks/timestep_059_slice_0573.png,59,573,train
/mnt/vstor/CSE_MSE_RXF131/cradle-members/mds-rely/tgc17/repositories/xct-aluminum-bondwire-corrosion/data/processed/images/timestep_059_slice_0575.png,/mnt/vstor/CSE_MSE_RXF131/cradle-members/mds-rely/tgc17/repositories/xct-aluminum-bondwire-corrosion/data/processed/masks/timestep_059_slice_0575.png,59,575,train
/mnt/vstor/CSE_MSE_RXF131/cradle-members/mds-rely/tgc17/repositories/xct-aluminum-bondwire-corrosion/data/processed/images/timestep_059_slice_0576.png,/mnt/vstor/CSE_MSE_RXF131/cradle-members/mds-rely/tgc17/repositories/xct-aluminum-bondwire-corrosion/data/processed/masks/timestep_059_slice_0576.png,59,576,train
/mnt/vstor/CSE_MSE_RXF131/cradle-members/mds-rely/tgc17/repositories/xct-aluminum-bondwire-corrosion/data/processed/images/timestep_059_slice_0577.png,/mnt/vstor/CSE_MSE_RXF131/cradle-members/mds-rely/tgc17/repositories/xct-aluminum-bondwire-corrosion/data/processed/masks/timestep_059_slice_0577.png,59,577,train
/mnt/vstor/CSE_MSE_RXF131/cradle-members/mds-rely/tgc17/repositories/xct-aluminum-bondwire-corrosion/data/processed/images/timestep_059_slice_0578.png,/mnt/vstor/CSE_MSE_RXF131/cradle-members/mds-rely/tgc17/repositories/xct-aluminum-bondwire-corrosion/data/processed/masks/timestep_059_slice_0578.png,59,578,train
/mnt/vstor/CSE_MSE_RXF131/cradle-members/mds-rely/tgc17/repositories/xct-aluminum-bondwire-corrosion/data/processed/images/timestep_059_slice_0579.png,/mnt/vstor/CSE_MSE_RXF131/cradle-members/mds-rely/tgc17/repositories/xct-aluminum-bondwire-corrosion/data/processed/masks/timestep_059_slice_0579.png,59,579,train
/mnt/vstor/CSE_MSE_RXF131/cradle-members/mds-rely/tgc17/repositories/xct-aluminum-bondwire-corrosion/data/processed/images/timestep_059_slice_0580.png,/mnt/vstor/CSE_MSE_RXF131/cradle-members/mds-rely/tgc17/repositories/xct-aluminum-bondwire-corrosion/data/processed/masks/timestep_059_slice_0580.png,59,580,train
/mnt/vstor/CSE_MSE_RXF131/cradle-members/mds-rely/tgc17/repositories/xct-aluminum-bondwire-corrosion/data/processed/images/timestep_059_slice_0581.png,/mnt/vstor/CSE_MSE_RXF131/cradle-members/mds-rely/tgc17/repositories/xct-aluminum-bondwire-corrosion/data/processed/masks/timestep_059_slice_0581.png,59,581,train
/mnt/vstor/CSE_MSE_RXF131/cradle-members/mds-rely/tgc17/repositories/xct-aluminum-bondwire-corrosion/data/processed/images/timestep_059_slice_0582.png,/mnt/vstor/CSE_MSE_RXF131/cradle-members/mds-rely/tgc17/repositories/xct-aluminum-bondwire-corrosion/data/processed/masks/timestep_059_slice_0582.png,59,582,train
/mnt/vstor/CSE_MSE_RXF131/cradle-members/mds-rely/tgc17/repositories/xct-aluminum-bondwire-corrosion/data/processed/images/timestep_059_slice_0583.png,/mnt/vstor/CSE_MSE_RXF131/cradle-members/mds-rely/tgc17/repositories/xct-aluminum-bondwire-corrosion/data/processed/masks/timestep_059_slice_0583.png,59,583,train
/mnt/vstor/CSE_MSE_RXF131/cradle-members/mds-rely/tgc17/repositories/xct-aluminum-bondwire-corrosion/data/processed/images/timestep_059_slice_0585.png,/mnt/vstor/CSE_MSE_RXF131/cradle-members/mds-rely/tgc17/repositories/xct-aluminum-bondwire-corrosion/data/processed/masks/timestep_059_slice_0585.png,59,585,train
/mnt/vstor/CSE_MSE_RXF131/cradle-members/mds-rely/tgc17/repositories/xct-aluminum-bondwire-corrosion/data/processed/images/timestep_059_slice_0586.png,/mnt/vstor/CSE_MSE_RXF131/cradle-members/mds-rely/tgc17/repositories/xct-aluminum-bondwire-corrosion/data/processed/masks/timestep_059_slice_0586.png,59,586,train
/mnt/vstor/CSE_MSE_RXF131/cradle-members/mds-rely/tgc17/repositories/xct-aluminum-bondwire-corrosion/data/processed/images/timestep_059_slice_0587.png,/mnt/vstor/CSE_MSE_RXF131/cradle-members/mds-rely/tgc17/repositories/xct-aluminum-bondwire-corrosion/data/processed/masks/timestep_059_slice_0587.png,59,587,train
/mnt/vstor/CSE_MSE_RXF131/cradle-members/mds-rely/tgc17/repositories/xct-aluminum-bondwire-corrosion/data/processed/images/timestep_059_slice_0588.png,/mnt/vstor/CSE_MSE_RXF131/cradle-members/mds-rely/tgc17/repositories/xct-aluminum-bondwire-corrosion/data/processed/masks/timestep_059_slice_0588.png,59,588,train
/mnt/vstor/CSE_MSE_RXF131/cradle-members/mds-rely/tgc17/repositories/xct-aluminum-bondwire-corrosion/data/processed/images/timestep_059_slice_0589.png,/mnt/vstor/CSE_MSE_RXF131/cradle-members/mds-rely/tgc17/repositories/xct-aluminum-bondwire-corrosion/data/processed/masks/timestep_059_slice_0589.png,59,589,train
/mnt/vstor/CSE_MSE_RXF131/cradle-members/mds-rely/tgc17/repositories/xct-aluminum-bondwire-corrosion/data/processed/images/timestep_059_slice_0590.png,/mnt/vstor/CSE_MSE_RXF131/cradle-members/mds-rely/tgc17/repositories/xct-aluminum-bondwire-corrosion/data/processed/masks/timestep_059_slice_0590.png,59,590,train
/mnt/vstor/CSE_MSE_RXF131/cradle-members/mds-rely/tgc17/repositories/xct-aluminum-bondwire-corrosion/data/processed/images/timestep_059_slice_0600.png,/mnt/vstor/CSE_MSE_RXF131/cradle-members/mds-rely/tgc17/repositories/xct-aluminum-bondwire-corrosion/data/processed/masks/timestep_059_slice_0600.png,59,600,train
/mnt/vstor/CSE_MSE_RXF131/cradle-members/mds-rely/tgc17/repositories/xct-aluminum-bondwire-corrosion/data/processed/images/timestep_059_slice_0603.png,/mnt/vstor/CSE_MSE_RXF131/cradle-members/mds-rely/tgc17/repositories/xct-aluminum-bondwire-corrosion/data/processed/masks/timestep_059_slice_0603.png,59,603,train
/mnt/vstor/CSE_MSE_RXF131/cradle-members/mds-rely/tgc17/repositories/xct-aluminum-bondwire-corrosion/data/processed/images/timestep_059_slice_0604.png,/mnt/vstor/CSE_MSE_RXF131/cradle-members/mds-rely/tgc17/repositories/xct-aluminum-bondwire-corrosion/data/processed/masks/timestep_059_slice_0604.png,59,604,train
/mnt/vstor/CSE_MSE_RXF131/cradle-members/mds-rely/tgc17/repositories/xct-aluminum-bondwire-corrosion/data/processed/images/timestep_059_slice_0605.png,/mnt/vstor/CSE_MSE_RXF131/cradle-members/mds-rely/tgc17/repositories/xct-aluminum-bondwire-corrosion/data/processed/masks/timestep_059_slice_0605.png,59,605,train
/mnt/vstor/CSE_MSE_RXF131/cradle-members/mds-rely/tgc17/repositories/xct-aluminum-bondwire-corrosion/data/processed/images/timestep_059_slice_0609.png,/mnt/vstor/CSE_MSE_RXF131/cradle-members/mds-rely/tgc17/repositories/xct-aluminum-bondwire-corrosion/data/processed/masks/timestep_059_slice_0609.png,59,609,train
/mnt/vstor/CSE_MSE_RXF131/cradle-members/mds-rely/tgc17/repositories/xct-aluminum-bondwire-corrosion/data/processed/images/timestep_059_slice_0914.png,/mnt/vstor/CSE_MSE_RXF131/cradle-members/mds-rely/tgc17/repositories/xct-aluminum-bondwire-corrosion/data/processed/masks/timestep_059_slice_0914.png,59,914,train
/mnt/vstor/CSE_MSE_RXF131/cradle-members/mds-rely/tgc17/repositories/xct-aluminum-bondwire-corrosion/data/processed/images/timestep_059_slice_0915.png,/mnt/vstor/CSE_MSE_RXF131/cradle-members/mds-rely/tgc17/repositories/xct-aluminum-bondwire-corrosion/data/processed/masks/timestep_059_slice_0915.png,59,915,train
/mnt/vstor/CSE_MSE_RXF131/cradle-members/mds-rely/tgc17/repositories/xct-aluminum-bondwire-corrosion/data/processed/images/timestep_059_slice_0916.png,/mnt/vstor/CSE_MSE_RXF131/cradle-members/mds-rely/tgc17/repositories/xct-aluminum-bondwire-corrosion/data/processed/masks/timestep_059_slice_0916.png,59,916,train
/mnt/vstor/CSE_MSE_RXF131/cradle-members/mds-rely/tgc17/repositories/xct-aluminum-bondwire-corrosion/data/processed/images/timestep_059_slice_0918.png,/mnt/vstor/CSE_MSE_RXF131/cradle-members/mds-rely/tgc17/repositories/xct-aluminum-bondwire-corrosion/data/processed/masks/timestep_059_slice_0918.png,59,918,train
/mnt/vstor/CSE_MSE_RXF131/cradle-members/mds-rely/tgc17/repositories/xct-aluminum-bondwire-corrosion/data/processed/images/timestep_059_slice_0959.png,/mnt/vstor/CSE_MSE_RXF131/cradle-members/mds-rely/tgc17/repositories/xct-aluminum-bondwire-corrosion/data/processed/masks/timestep_059_slice_0959.png,59,959,train
/mnt/vstor/CSE_MSE_RXF131/cradle-members/mds-rely/tgc17/repositories/xct-aluminum-bondwire-corrosion/data/processed/images/timestep_059_slice_0960.png,/mnt/vstor/CSE_MSE_RXF131/cradle-members/mds-rely/tgc17/repositories/xct-aluminum-bondwire-corrosion/data/processed/masks/timestep_059_slice_0960.png,59,960,train
/mnt/vstor/CSE_MSE_RXF131/cradle-members/mds-rely/tgc17/repositories/xct-aluminum-bondwire-corrosion/data/processed/images/timestep_059_slice_0964.png,/mnt/vstor/CSE_MSE_RXF131/cradle-members/mds-rely/tgc17/repositories/xct-aluminum-bondwire-corrosion/data/processed/masks/timestep_059_slice_0964.png,59,964,train
/mnt/vstor/CSE_MSE_RXF131/cradle-members/mds-rely/tgc17/repositories/xct-aluminum-bondwire-corrosion/data/processed/images/timestep_070_slice_0140.png,/mnt/vstor/CSE_MSE_RXF131/cradle-members/mds-rely/tgc17/repositories/xct-aluminum-bondwire-corrosion/data/processed/masks/timestep_070_slice_0140.png,70,140,val
/mnt/vstor/CSE_MSE_RXF131/cradle-members/mds-rely/tgc17/repositories/xct-aluminum-bondwire-corrosion/data/processed/images/timestep_070_slice_0191.png,/mnt/vstor/CSE_MSE_RXF131/cradle-members/mds-rely/tgc17/repositories/xct-aluminum-bondwire-corrosion/data/processed/masks/timestep_070_slice_0191.png,70,191,val
/mnt/vstor/CSE_MSE_RXF131/cradle-members/mds-rely/tgc17/repositories/xct-aluminum-bondwire-corrosion/data/processed/images/timestep_070_slice_0235.png,/mnt/vstor/CSE_MSE_RXF131/cradle-members/mds-rely/tgc17/repositories/xct-aluminum-bondwire-corrosion/data/processed/masks/timestep_070_slice_0235.png,70,235,val
/mnt/vstor/CSE_MSE_RXF131/cradle-members/mds-rely/tgc17/repositories/xct-aluminum-bondwire-corrosion/data/processed/images/timestep_070_slice_0290.png,/mnt/vstor/CSE_MSE_RXF131/cradle-members/mds-rely/tgc17/repositories/xct-aluminum-bondwire-corrosion/data/processed/masks/timestep_070_slice_0290.png,70,290,val
/mnt/vstor/CSE_MSE_RXF131/cradle-members/mds-rely/tgc17/repositories/xct-aluminum-bondwire-corrosion/data/processed/images/timestep_070_slice_0401.png,/mnt/vstor/CSE_MSE_RXF131/cradle-members/mds-rely/tgc17/repositories/xct-aluminum-bondwire-corrosion/data/processed/masks/timestep_070_slice_0401.png,70,401,val
/mnt/vstor/CSE_MSE_RXF131/cradle-members/mds-rely/tgc17/repositories/xct-aluminum-bondwire-corrosion/data/processed/images/timestep_070_slice_0500.png,/mnt/vstor/CSE_MSE_RXF131/cradle-members/mds-rely/tgc17/repositories/xct-aluminum-bondwire-corrosion/data/processed/masks/timestep_070_slice_0500.png,70,500,val
/mnt/vstor/CSE_MSE_RXF131/cradle-members/mds-rely/tgc17/repositories/xct-aluminum-bondwire-corrosion/data/processed/images/timestep_070_slice_0575.png,/mnt/vstor/CSE_MSE_RXF131/cradle-members/mds-rely/tgc17/repositories/xct-aluminum-bondwire-corrosion/data/processed/masks/timestep_070_slice_0575.png,70,575,val
/mnt/vstor/CSE_MSE_RXF131/cradle-members/mds-rely/tgc17/repositories/xct-aluminum-bondwire-corrosion/data/processed/images/timestep_070_slice_0585.png,/mnt/vstor/CSE_MSE_RXF131/cradle-members/mds-rely/tgc17/repositories/xct-aluminum-bondwire-corrosion/data/processed/masks/timestep_070_slice_0585.png,70,585,val
/mnt/vstor/CSE_MSE_RXF131/cradle-members/mds-rely/tgc17/repositories/xct-aluminum-bondwire-corrosion/data/processed/images/timestep_070_slice_0602.png,/mnt/vstor/CSE_MSE_RXF131/cradle-members/mds-rely/tgc17/repositories/xct-aluminum-bondwire-corrosion/data/processed/masks/timestep_070_slice_0602.png,70,602,val
/mnt/vstor/CSE_MSE_RXF131/cradle-members/mds-rely/tgc17/repositories/xct-aluminum-bondwire-corrosion/data/processed/images/timestep_070_slice_0610.png,/mnt/vstor/CSE_MSE_RXF131/cradle-members/mds-rely/tgc17/repositories/xct-aluminum-bondwire-corrosion/data/processed/masks/timestep_070_slice_0610.png,70,610,val
/mnt/vstor/CSE_MSE_RXF131/cradle-members/mds-rely/tgc17/repositories/xct-aluminum-bondwire-corrosion/data/processed/images/timestep_074_slice_0124.png,/mnt/vstor/CSE_MSE_RXF131/cradle-members/mds-rely/tgc17/repositories/xct-aluminum-bondwire-corrosion/data/processed/masks/timestep_074_slice_0124.png,74,124,train
/mnt/vstor/CSE_MSE_RXF131/cradle-members/mds-rely/tgc17/repositories/xct-aluminum-bondwire-corrosion/data/processed/images/timestep_074_slice_0200.png,/mnt/vstor/CSE_MSE_RXF131/cradle-members/mds-rely/tgc17/repositories/xct-aluminum-bondwire-corrosion/data/processed/masks/timestep_074_slice_0200.png,74,200,train
/mnt/vstor/CSE_MSE_RXF131/cradle-members/mds-rely/tgc17/repositories/xct-aluminum-bondwire-corrosion/data/processed/images/timestep_074_slice_0238.png,/mnt/vstor/CSE_MSE_RXF131/cradle-members/mds-rely/tgc17/repositories/xct-aluminum-bondwire-corrosion/data/processed/masks/timestep_074_slice_0238.png,74,238,train
/mnt/vstor/CSE_MSE_RXF131/cradle-members/mds-rely/tgc17/repositories/xct-aluminum-bondwire-corrosion/data/processed/images/timestep_074_slice_0252.png,/mnt/vstor/CSE_MSE_RXF131/cradle-members/mds-rely/tgc17/repositories/xct-aluminum-bondwire-corrosion/data/processed/masks/timestep_074_slice_0252.png,74,252,train
/mnt/vstor/CSE_MSE_RXF131/cradle-members/mds-rely/tgc17/repositories/xct-aluminum-bondwire-corrosion/data/processed/images/timestep_074_slice_0300.png,/mnt/vstor/CSE_MSE_RXF131/cradle-members/mds-rely/tgc17/repositories/xct-aluminum-bondwire-corrosion/data/processed/masks/timestep_074_slice_0300.png,74,300,train
/mnt/vstor/CSE_MSE_RXF131/cradle-members/mds-rely/tgc17/repositories/xct-aluminum-bondwire-corrosion/data/processed/images/timestep_074_slice_0500.png,/mnt/vstor/CSE_MSE_RXF131/cradle-members/mds-rely/tgc17/repositories/xct-aluminum-bondwire-corrosion/data/processed/masks/timestep_074_slice_0500.png,74,500,train
/mnt/vstor/CSE_MSE_RXF131/cradle-members/mds-rely/tgc17/repositories/xct-aluminum-bondwire-corrosion/data/processed/images/timestep_074_slice_0570.png,/mnt/vstor/CSE_MSE_RXF131/cradle-members/mds-rely/tgc17/repositories/xct-aluminum-bondwire-corrosion/data/processed/masks/timestep_074_slice_0570.png,74,570,train
/mnt/vstor/CSE_MSE_RXF131/cradle-members/mds-rely/tgc17/repositories/xct-aluminum-bondwire-corrosion/data/processed/images/timestep_074_slice_0580.png,/mnt/vstor/CSE_MSE_RXF131/cradle-members/mds-rely/tgc17/repositories/xct-aluminum-bondwire-corrosion/data/processed/masks/timestep_074_slice_0580.png,74,580,train
/mnt/vstor/CSE_MSE_RXF131/cradle-members/mds-rely/tgc17/repositories/xct-aluminum-bondwire-corrosion/data/processed/images/timestep_074_slice_0923.png,/mnt/vstor/CSE_MSE_RXF131/cradle-members/mds-rely/tgc17/repositories/xct-aluminum-bondwire-corrosion/data/processed/masks/timestep_074_slice_0923.png,74,923,train
/mnt/vstor/CSE_MSE_RXF131/cradle-members/mds-rely/tgc17/repositories/xct-aluminum-bondwire-corrosion/data/processed/images/timestep_074_slice_0980.png,/mnt/vstor/CSE_MSE_RXF131/cradle-members/mds-rely/tgc17/repositories/xct-aluminum-bondwire-corrosion/data/processed/masks/timestep_074_slice_0980.png,74,980,train
/mnt/vstor/CSE_MSE_RXF131/cradle-members/mds-rely/tgc17/repositories/xct-aluminum-bondwire-corrosion/data/processed/images/timestep_078_slice_0130.png,/mnt/vstor/CSE_MSE_RXF131/cradle-members/mds-rely/tgc17/repositories/xct-aluminum-bondwire-corrosion/data/processed/masks/timestep_078_slice_0130.png,78,130,train
/mnt/vstor/CSE_MSE_RXF131/cradle-members/mds-rely/tgc17/repositories/xct-aluminum-bondwire-corrosion/data/processed/images/timestep_078_slice_0144.png,/mnt/vstor/CSE_MSE_RXF131/cradle-members/mds-rely/tgc17/repositories/xct-aluminum-bondwire-corrosion/data/processed/masks/timestep_078_slice_0144.png,78,144,train
/mnt/vstor/CSE_MSE_RXF131/cradle-members/mds-rely/tgc17/repositories/xct-aluminum-bondwire-corrosion/data/processed/images/timestep_078_slice_0163.png,/mnt/vstor/CSE_MSE_RXF131/cradle-members/mds-rely/tgc17/repositories/xct-aluminum-bondwire-corrosion/data/processed/masks/timestep_078_slice_0163.png,78,163,train
/mnt/vstor/CSE_MSE_RXF131/cradle-members/mds-rely/tgc17/repositories/xct-aluminum-bondwire-corrosion/data/processed/images/timestep_078_slice_0195.png,/mnt/vstor/CSE_MSE_RXF131/cradle-members/mds-rely/tgc17/repositories/xct-aluminum-bondwire-corrosion/data/processed/masks/timestep_078_slice_0195.png,78,195,train
/mnt/vstor/CSE_MSE_RXF131/cradle-members/mds-rely/tgc17/repositories/xct-aluminum-bondwire-corrosion/data/processed/images/timestep_078_slice_0218.png,/mnt/vstor/CSE_MSE_RXF131/cradle-members/mds-rely/tgc17/repositories/xct-aluminum-bondwire-corrosion/data/processed/masks/timestep_078_slice_0218.png,78,218,train
/mnt/vstor/CSE_MSE_RXF131/cradle-members/mds-rely/tgc17/repositories/xct-aluminum-bondwire-corrosion/data/processed/images/timestep_078_slice_0230.png,/mnt/vstor/CSE_MSE_RXF131/cradle-members/mds-rely/tgc17/repositories/xct-aluminum-bondwire-corrosion/data/processed/masks/timestep_078_slice_0230.png,78,230,train
/mnt/vstor/CSE_MSE_RXF131/cradle-members/mds-rely/tgc17/repositories/xct-aluminum-bondwire-corrosion/data/processed/images/timestep_078_slice_0298.png,/mnt/vstor/CSE_MSE_RXF131/cradle-members/mds-rely/tgc17/repositories/xct-aluminum-bondwire-corrosion/data/processed/masks/timestep_078_slice_0298.png,78,298,train
/mnt/vstor/CSE_MSE_RXF131/cradle-members/mds-rely/tgc17/repositories/xct-aluminum-bondwire-corrosion/data/processed/images/timestep_078_slice_0301.png,/mnt/vstor/CSE_MSE_RXF131/cradle-members/mds-rely/tgc17/repositories/xct-aluminum-bondwire-corrosion/data/processed/masks/timestep_078_slice_0301.png,78,301,train
/mnt/vstor/CSE_MSE_RXF131/cradle-members/mds-rely/tgc17/repositories/xct-aluminum-bondwire-corrosion/data/processed/images/timestep_078_slice_0406.png,/mnt/vstor/CSE_MSE_RXF131/cradle-members/mds-rely/tgc17/repositories/xct-aluminum-bondwire-corrosion/data/processed/masks/timestep_078_slice_0406.png,78,406,train
/mnt/vstor/CSE_MSE_RXF131/cradle-members/mds-rely/tgc17/repositories/xct-aluminum-bondwire-corrosion/data/processed/images/timestep_078_slice_0585.png,/mnt/vstor/CSE_MSE_RXF131/cradle-members/mds-rely/tgc17/repositories/xct-aluminum-bondwire-corrosion/data/processed/masks/timestep_078_slice_0585.png,78,585,train
/mnt/vstor/CSE_MSE_RXF131/cradle-members/mds-rely/tgc17/repositories/xct-aluminum-bondwire-corrosion/data/processed/images/timestep_078_slice_0593.png,/mnt/vstor/CSE_MSE_RXF131/cradle-members/mds-rely/tgc17/repositories/xct-aluminum-bondwire-corrosion/data/processed/masks/timestep_078_slice_0593.png,78,593,train
/mnt/vstor/CSE_MSE_RXF131/cradle-members/mds-rely/tgc17/repositories/xct-aluminum-bondwire-corrosion/data/processed/images/timestep_078_slice_0983.png,/mnt/vstor/CSE_MSE_RXF131/cradle-members/mds-rely/tgc17/repositories/xct-aluminum-bondwire-corrosion/data/processed/masks/timestep_078_slice_0983.png,78,983,train
/mnt/vstor/CSE_MSE_RXF131/cradle-members/mds-rely/tgc17/repositories/xct-aluminum-bondwire-corrosion/data/processed/images/timestep_082_slice_0150.png,/mnt/vstor/CSE_MSE_RXF131/cradle-members/mds-rely/tgc17/repositories/xct-aluminum-bondwire-corrosion/data/processed/masks/timestep_082_slice_0150.png,82,150,test
/mnt/vstor/CSE_MSE_RXF131/cradle-members/mds-rely/tgc17/repositories/xct-aluminum-bondwire-corrosion/data/processed/images/timestep_082_slice_0160.png,/mnt/vstor/CSE_MSE_RXF131/cradle-members/mds-rely/tgc17/repositories/xct-aluminum-bondwire-corrosion/data/processed/masks/timestep_082_slice_0160.png,82,160,test
/mnt/vstor/CSE_MSE_RXF131/cradle-members/mds-rely/tgc17/repositories/xct-aluminum-bondwire-corrosion/data/processed/images/timestep_082_slice_0204.png,/mnt/vstor/CSE_MSE_RXF131/cradle-members/mds-rely/tgc17/repositories/xct-aluminum-bondwire-corrosion/data/processed/masks/timestep_082_slice_0204.png,82,204,test
/mnt/vstor/CSE_MSE_RXF131/cradle-members/mds-rely/tgc17/repositories/xct-aluminum-bondwire-corrosion/data/processed/images/timestep_082_slice_0225.png,/mnt/vstor/CSE_MSE_RXF131/cradle-members/mds-rely/tgc17/repositories/xct-aluminum-bondwire-corrosion/data/processed/masks/timestep_082_slice_0225.png,82,225,test
/mnt/vstor/CSE_MSE_RXF131/cradle-members/mds-rely/tgc17/repositories/xct-aluminum-bondwire-corrosion/data/processed/images/timestep_082_slice_0240.png,/mnt/vstor/CSE_MSE_RXF131/cradle-members/mds-rely/tgc17/repositories/xct-aluminum-bondwire-corrosion/data/processed/masks/timestep_082_slice_0240.png,82,240,test
/mnt/vstor/CSE_MSE_RXF131/cradle-members/mds-rely/tgc17/repositories/xct-aluminum-bondwire-corrosion/data/processed/images/timestep_082_slice_0304.png,/mnt/vstor/CSE_MSE_RXF131/cradle-members/mds-rely/tgc17/repositories/xct-aluminum-bondwire-corrosion/data/processed/masks/timestep_082_slice_0304.png,82,304,test
/mnt/vstor/CSE_MSE_RXF131/cradle-members/mds-rely/tgc17/repositories/xct-aluminum-bondwire-corrosion/data/processed/images/timestep_082_slice_0403.png,/mnt/vstor/CSE_MSE_RXF131/cradle-members/mds-rely/tgc17/repositories/xct-aluminum-bondwire-corrosion/data/processed/masks/timestep_082_slice_0403.png,82,403,test
/mnt/vstor/CSE_MSE_RXF131/cradle-members/mds-rely/tgc17/repositories/xct-aluminum-bondwire-corrosion/data/processed/images/timestep_082_slice_0596.png,/mnt/vstor/CSE_MSE_RXF131/cradle-members/mds-rely/tgc17/repositories/xct-aluminum-bondwire-corrosion/data/processed/masks/timestep_082_slice_0596.png,82,596,test
/mnt/vstor/CSE_MSE_RXF131/cradle-members/mds-rely/tgc17/repositories/xct-aluminum-bondwire-corrosion/data/processed/images/timestep_082_slice_0610.png,/mnt/vstor/CSE_MSE_RXF131/cradle-members/mds-rely/tgc17/repositories/xct-aluminum-bondwire-corrosion/data/processed/masks/timestep_082_slice_0610.png,82,610,test
/mnt/vstor/CSE_MSE_RXF131/cradle-members/mds-rely/tgc17/repositories/xct-aluminum-bondwire-corrosion/data/processed/images/timestep_082_slice_0960.png,/mnt/vstor/CSE_MSE_RXF131/cradle-members/mds-rely/tgc17/repositories/xct-aluminum-bondwire-corrosion/data/processed/masks/timestep_082_slice_0960.png,82,960,test
/mnt/vstor/CSE_MSE_RXF131/cradle-members/mds-rely/tgc17/repositories/xct-aluminum-bondwire-corrosion/data/processed/images/timestep_086_slice_0125.png,/mnt/vstor/CSE_MSE_RXF131/cradle-members/mds-rely/tgc17/repositories/xct-aluminum-bondwire-corrosion/data/processed/masks/timestep_086_slice_0125.png,86,125,train
/mnt/vstor/CSE_MSE_RXF131/cradle-members/mds-rely/tgc17/repositories/xct-aluminum-bondwire-corrosion/data/processed/images/timestep_086_slice_0175.png,/mnt/vstor/CSE_MSE_RXF131/cradle-members/mds-rely/tgc17/repositories/xct-aluminum-bondwire-corrosion/data/processed/masks/timestep_086_slice_0175.png,86,175,train
/mnt/vstor/CSE_MSE_RXF131/cradle-members/mds-rely/tgc17/repositories/xct-aluminum-bondwire-corrosion/data/processed/images/timestep_086_slice_0219.png,/mnt/vstor/CSE_MSE_RXF131/cradle-members/mds-rely/tgc17/repositories/xct-aluminum-bondwire-corrosion/data/processed/masks/timestep_086_slice_0219.png,86,219,train
/mnt/vstor/CSE_MSE_RXF131/cradle-members/mds-rely/tgc17/repositories/xct-aluminum-bondwire-corrosion/data/processed/images/timestep_086_slice_0250.png,/mnt/vstor/CSE_MSE_RXF131/cradle-members/mds-rely/tgc17/repositories/xct-aluminum-bondwire-corrosion/data/processed/masks/timestep_086_slice_0250.png,86,250,train
/mnt/vstor/CSE_MSE_RXF131/cradle-members/mds-rely/tgc17/repositories/xct-aluminum-bondwire-corrosion/data/processed/images/timestep_086_slice_0300.png,/mnt/vstor/CSE_MSE_RXF131/cradle-members/mds-rely/tgc17/repositories/xct-aluminum-bondwire-corrosion/data/processed/masks/timestep_086_slice_0300.png,86,300,train
/mnt/vstor/CSE_MSE_RXF131/cradle-members/mds-rely/tgc17/repositories/xct-aluminum-bondwire-corrosion/data/processed/images/timestep_086_slice_0400.png,/mnt/vstor/CSE_MSE_RXF131/cradle-members/mds-rely/tgc17/repositories/xct-aluminum-bondwire-corrosion/data/processed/masks/timestep_086_slice_0400.png,86,400,train
/mnt/vstor/CSE_MSE_RXF131/cradle-members/mds-rely/tgc17/repositories/xct-aluminum-bondwire-corrosion/data/processed/images/timestep_086_slice_0413.png,/mnt/vstor/CSE_MSE_RXF131/cradle-members/mds-rely/tgc17/repositories/xct-aluminum-bondwire-corrosion/data/processed/masks/timestep_086_slice_0413.png,86,413,train
/mnt/vstor/CSE_MSE_RXF131/cradle-members/mds-rely/tgc17/repositories/xct-aluminum-bondwire-corrosion/data/processed/images/timestep_086_slice_0509.png,/mnt/vstor/CSE_MSE_RXF131/cradle-members/mds-rely/tgc17/repositories/xct-aluminum-bondwire-corrosion/data/processed/masks/timestep_086_slice_0509.png,86,509,train
/mnt/vstor/CSE_MSE_RXF131/cradle-members/mds-rely/tgc17/repositories/xct-aluminum-bondwire-corrosion/data/processed/images/timestep_086_slice_0607.png,/mnt/vstor/CSE_MSE_RXF131/cradle-members/mds-rely/tgc17/repositories/xct-aluminum-bondwire-corrosion/data/processed/masks/timestep_086_slice_0607.png,86,607,train
/mnt/vstor/CSE_MSE_RXF131/cradle-members/mds-rely/tgc17/repositories/xct-aluminum-bondwire-corrosion/data/processed/images/timestep_086_slice_0615.png,/mnt/vstor/CSE_MSE_RXF131/cradle-members/mds-rely/tgc17/repositories/xct-aluminum-bondwire-corrosion/data/processed/masks/timestep_086_slice_0615.png,86,615,train
/mnt/vstor/CSE_MSE_RXF131/cradle-members/mds-rely/tgc17/repositories/xct-aluminum-bondwire-corrosion/data/processed/images/timestep_086_slice_0956.png,/mnt/vstor/CSE_MSE_RXF131/cradle-members/mds-rely/tgc17/repositories/xct-aluminum-bondwire-corrosion/data/processed/masks/timestep_086_slice_0956.png,86,956,train
/mnt/vstor/CSE_MSE_RXF131/cradle-members/mds-rely/tgc17/repositories/xct-aluminum-bondwire-corrosion/data/processed/images/timestep_086_slice_0986.png,/mnt/vstor/CSE_MSE_RXF131/cradle-members/mds-rely/tgc17/repositories/xct-aluminum-bondwire-corrosion/data/processed/masks/timestep_086_slice_0986.png,86,986,train
/mnt/vstor/CSE_MSE_RXF131/cradle-members/mds-rely/tgc17/repositories/xct-aluminum-bondwire-corrosion/data/processed/images/timestep_088_slice_0122.png,/mnt/vstor/CSE_MSE_RXF131/cradle-members/mds-rely/tgc17/repositories/xct-aluminum-bondwire-corrosion/data/processed/masks/timestep_088_slice_0122.png,88,122,train
/mnt/vstor/CSE_MSE_RXF131/cradle-members/mds-rely/tgc17/repositories/xct-aluminum-bondwire-corrosion/data/processed/images/timestep_088_slice_0126.png,/mnt/vstor/CSE_MSE_RXF131/cradle-members/mds-rely/tgc17/repositories/xct-aluminum-bondwire-corrosion/data/processed/masks/timestep_088_slice_0126.png,88,126,train
/mnt/vstor/CSE_MSE_RXF131/cradle-members/mds-rely/tgc17/repositories/xct-aluminum-bondwire-corrosion/data/processed/images/timestep_088_slice_0127.png,/mnt/vstor/CSE_MSE_RXF131/cradle-members/mds-rely/tgc17/repositories/xct-aluminum-bondwire-corrosion/data/processed/masks/timestep_088_slice_0127.png,88,127,train
/mnt/vstor/CSE_MSE_RXF131/cradle-members/mds-rely/tgc17/repositories/xct-aluminum-bondwire-corrosion/data/processed/images/timestep_088_slice_0128.png,/mnt/vstor/CSE_MSE_RXF131/cradle-members/mds-rely/tgc17/repositories/xct-aluminum-bondwire-corrosion/data/processed/masks/timestep_088_slice_0128.png,88,128,train
/mnt/vstor/CSE_MSE_RXF131/cradle-members/mds-rely/tgc17/repositories/xct-aluminum-bondwire-corrosion/data/processed/images/timestep_088_slice_0129.png,/mnt/vstor/CSE_MSE_RXF131/cradle-members/mds-rely/tgc17/repositories/xct-aluminum-bondwire-corrosion/data/processed/masks/timestep_088_slice_0129.png,88,129,train
/mnt/vstor/CSE_MSE_RXF131/cradle-members/mds-rely/tgc17/repositories/xct-aluminum-bondwire-corrosion/data/processed/images/timestep_088_slice_0130.png,/mnt/vstor/CSE_MSE_RXF131/cradle-members/mds-rely/tgc17/repositories/xct-aluminum-bondwire-corrosion/data/processed/masks/timestep_088_slice_0130.png,88,130,train
/mnt/vstor/CSE_MSE_RXF131/cradle-members/mds-rely/tgc17/repositories/xct-aluminum-bondwire-corrosion/data/processed/images/timestep_088_slice_0134.png,/mnt/vstor/CSE_MSE_RXF131/cradle-members/mds-rely/tgc17/repositories/xct-aluminum-bondwire-corrosion/data/processed/masks/timestep_088_slice_0134.png,88,134,train
/mnt/vstor/CSE_MSE_RXF131/cradle-members/mds-rely/tgc17/repositories/xct-aluminum-bondwire-corrosion/data/processed/images/timestep_088_slice_0135.png,/mnt/vstor/CSE_MSE_RXF131/cradle-members/mds-rely/tgc17/repositories/xct-aluminum-bondwire-corrosion/data/processed/masks/timestep_088_slice_0135.png,88,135,train
/mnt/vstor/CSE_MSE_RXF131/cradle-members/mds-rely/tgc17/repositories/xct-aluminum-bondwire-corrosion/data/processed/images/timestep_088_slice_0136.png,/mnt/vstor/CSE_MSE_RXF131/cradle-members/mds-rely/tgc17/repositories/xct-aluminum-bondwire-corrosion/data/processed/masks/timestep_088_slice_0136.png,88,136,train
/mnt/vstor/CSE_MSE_RXF131/cradle-members/mds-rely/tgc17/repositories/xct-aluminum-bondwire-corrosion/data/processed/images/timestep_088_slice_0137.png,/mnt/vstor/CSE_MSE_RXF131/cradle-members/mds-rely/tgc17/repositories/xct-aluminum-bondwire-corrosion/data/processed/masks/timestep_088_slice_0137.png,88,137,train
/mnt/vstor/CSE_MSE_RXF131/cradle-members/mds-rely/tgc17/repositories/xct-aluminum-bondwire-corrosion/data/processed/images/timestep_088_slice_0140.png,/mnt/vstor/CSE_MSE_RXF131/cradle-members/mds-rely/tgc17/repositories/xct-aluminum-bondwire-corrosion/data/processed/masks/timestep_088_slice_0140.png,88,140,train
/mnt/vstor/CSE_MSE_RXF131/cradle-members/mds-rely/tgc17/repositories/xct-aluminum-bondwire-corrosion/data/processed/images/timestep_088_slice_0141.png,/mnt/vstor/CSE_MSE_RXF131/cradle-members/mds-rely/tgc17/repositories/xct-aluminum-bondwire-corrosion/data/processed/masks/timestep_088_slice_0141.png,88,141,train
/mnt/vstor/CSE_MSE_RXF131/cradle-members/mds-rely/tgc17/repositories/xct-aluminum-bondwire-corrosion/data/processed/images/timestep_088_slice_0142.png,/mnt/vstor/CSE_MSE_RXF131/cradle-members/mds-rely/tgc17/repositories/xct-aluminum-bondwire-corrosion/data/processed/masks/timestep_088_slice_0142.png,88,142,train
/mnt/vstor/CSE_MSE_RXF131/cradle-members/mds-rely/tgc17/repositories/xct-aluminum-bondwire-corrosion/data/processed/images/timestep_088_slice_0144.png,/mnt/vstor/CSE_MSE_RXF131/cradle-members/mds-rely/tgc17/repositories/xct-aluminum-bondwire-corrosion/data/processed/masks/timestep_088_slice_0144.png,88,144,train
/mnt/vstor/CSE_MSE_RXF131/cradle-members/mds-rely/tgc17/repositories/xct-aluminum-bondwire-corrosion/data/processed/images/timestep_088_slice_0145.png,/mnt/vstor/CSE_MSE_RXF131/cradle-members/mds-rely/tgc17/repositories/xct-aluminum-bondwire-corrosion/data/processed/masks/timestep_088_slice_0145.png,88,145,train
/mnt/vstor/CSE_MSE_RXF131/cradle-members/mds-rely/tgc17/repositories/xct-aluminum-bondwire-corrosion/data/processed/images/timestep_088_slice_0146.png,/mnt/vstor/CSE_MSE_RXF131/cradle-members/mds-rely/tgc17/repositories/xct-aluminum-bondwire-corrosion/data/processed/masks/timestep_088_slice_0146.png,88,146,train
/mnt/vstor/CSE_MSE_RXF131/cradle-members/mds-rely/tgc17/repositories/xct-aluminum-bondwire-corrosion/data/processed/images/timestep_088_slice_0147.png,/mnt/vstor/CSE_MSE_RXF131/cradle-members/mds-rely/tgc17/repositories/xct-aluminum-bondwire-corrosion/data/processed/masks/timestep_088_slice_0147.png,88,147,train
/mnt/vstor/CSE_MSE_RXF131/cradle-members/mds-rely/tgc17/repositories/xct-aluminum-bondwire-corrosion/data/processed/images/timestep_088_slice_0152.png,/mnt/vstor/CSE_MSE_RXF131/cradle-members/mds-rely/tgc17/repositories/xct-aluminum-bondwire-corrosion/data/processed/masks/timestep_088_slice_0152.png,88,152,train
/mnt/vstor/CSE_MSE_RXF131/cradle-members/mds-rely/tgc17/repositories/xct-aluminum-bondwire-corrosion/data/processed/images/timestep_088_slice_0154.png,/mnt/vstor/CSE_MSE_RXF131/cradle-members/mds-rely/tgc17/repositories/xct-aluminum-bondwire-corrosion/data/processed/masks/timestep_088_slice_0154.png,88,154,train
/mnt/vstor/CSE_MSE_RXF131/cradle-members/mds-rely/tgc17/repositories/xct-aluminum-bondwire-corrosion/data/processed/images/timestep_088_slice_0157.png,/mnt/vstor/CSE_MSE_RXF131/cradle-members/mds-rely/tgc17/repositories/xct-aluminum-bondwire-corrosion/data/processed/masks/timestep_088_slice_0157.png,88,157,train
/mnt/vstor/CSE_MSE_RXF131/cradle-members/mds-rely/tgc17/repositories/xct-aluminum-bondwire-corrosion/data/processed/images/timestep_088_slice_0159.png,/mnt/vstor/CSE_MSE_RXF131/cradle-members/mds-rely/tgc17/repositories/xct-aluminum-bondwire-corrosion/data/processed/masks/timestep_088_slice_0159.png,88,159,train
/mnt/vstor/CSE_MSE_RXF131/cradle-members/mds-rely/tgc17/repositories/xct-aluminum-bondwire-corrosion/data/processed/images/timestep_088_slice_0165.png,/mnt/vstor/CSE_MSE_RXF131/cradle-members/mds-rely/tgc17/repositories/xct-aluminum-bondwire-corrosion/data/processed/masks/timestep_088_slice_0165.png,88,165,train
/mnt/vstor/CSE_MSE_RXF131/cradle-members/mds-rely/tgc17/repositories/xct-aluminum-bondwire-corrosion/data/processed/images/timestep_088_slice_0166.png,/mnt/vstor/CSE_MSE_RXF131/cradle-members/mds-rely/tgc17/repositories/xct-aluminum-bondwire-corrosion/data/processed/masks/timestep_088_slice_0166.png,88,166,train
/mnt/vstor/CSE_MSE_RXF131/cradle-members/mds-rely/tgc17/repositories/xct-aluminum-bondwire-corrosion/data/processed/images/timestep_088_slice_0168.png,/mnt/vstor/CSE_MSE_RXF131/cradle-members/mds-rely/tgc17/repositories/xct-aluminum-bondwire-corrosion/data/processed/masks/timestep_088_slice_0168.png,88,168,train
/mnt/vstor/CSE_MSE_RXF131/cradle-members/mds-rely/tgc17/repositories/xct-aluminum-bondwire-corrosion/data/processed/images/timestep_088_slice_0173.png,/mnt/vstor/CSE_MSE_RXF131/cradle-members/mds-rely/tgc17/repositories/xct-aluminum-bondwire-corrosion/data/processed/masks/timestep_088_slice_0173.png,88,173,train
/mnt/vstor/CSE_MSE_RXF131/cradle-members/mds-rely/tgc17/repositories/xct-aluminum-bondwire-corrosion/data/processed/images/timestep_088_slice_0176.png,/mnt/vstor/CSE_MSE_RXF131/cradle-members/mds-rely/tgc17/repositories/xct-aluminum-bondwire-corrosion/data/processed/masks/timestep_088_slice_0176.png,88,176,train
/mnt/vstor/CSE_MSE_RXF131/cradle-members/mds-rely/tgc17/repositories/xct-aluminum-bondwire-corrosion/data/processed/images/timestep_088_slice_0177.png,/mnt/vstor/CSE_MSE_RXF131/cradle-members/mds-rely/tgc17/repositories/xct-aluminum-bondwire-corrosion/data/processed/masks/timestep_088_slice_0177.png,88,177,train
/mnt/vstor/CSE_MSE_RXF131/cradle-members/mds-rely/tgc17/repositories/xct-aluminum-bondwire-corrosion/data/processed/images/timestep_088_slice_0178.png,/mnt/vstor/CSE_MSE_RXF131/cradle-members/mds-rely/tgc17/repositories/xct-aluminum-bondwire-corrosion/data/processed/masks/timestep_088_slice_0178.png,88,178,train
/mnt/vstor/CSE_MSE_RXF131/cradle-members/mds-rely/tgc17/repositories/xct-aluminum-bondwire-corrosion/data/processed/images/timestep_088_slice_0180.png,/mnt/vstor/CSE_MSE_RXF131/cradle-members/mds-rely/tgc17/repositories/xct-aluminum-bondwire-corrosion/data/processed/masks/timestep_088_slice_0180.png,88,180,train
/mnt/vstor/CSE_MSE_RXF131/cradle-members/mds-rely/tgc17/repositories/xct-aluminum-bondwire-corrosion/data/processed/images/timestep_088_slice_0182.png,/mnt/vstor/CSE_MSE_RXF131/cradle-members/mds-rely/tgc17/repositories/xct-aluminum-bondwire-corrosion/data/processed/masks/timestep_088_slice_0182.png,88,182,train
/mnt/vstor/CSE_MSE_RXF131/cradle-members/mds-rely/tgc17/repositories/xct-aluminum-bondwire-corrosion/data/processed/images/timestep_088_slice_0185.png,/mnt/vstor/CSE_MSE_RXF131/cradle-members/mds-rely/tgc17/repositories/xct-aluminum-bondwire-corrosion/data/processed/masks/timestep_088_slice_0185.png,88,185,train
/mnt/vstor/CSE_MSE_RXF131/cradle-members/mds-rely/tgc17/repositories/xct-aluminum-bondwire-corrosion/data/processed/images/timestep_088_slice_0186.png,/mnt/vstor/CSE_MSE_RXF131/cradle-members/mds-rely/tgc17/repositories/xct-aluminum-bondwire-corrosion/data/processed/masks/timestep_088_slice_0186.png,88,186,train
/mnt/vstor/CSE_MSE_RXF131/cradle-members/mds-rely/tgc17/repositories/xct-aluminum-bondwire-corrosion/data/processed/images/timestep_088_slice_0187.png,/mnt/vstor/CSE_MSE_RXF131/cradle-members/mds-rely/tgc17/repositories/xct-aluminum-bondwire-corrosion/data/processed/masks/timestep_088_slice_0187.png,88,187,train
/mnt/vstor/CSE_MSE_RXF131/cradle-members/mds-rely/tgc17/repositories/xct-aluminum-bondwire-corrosion/data/processed/images/timestep_088_slice_0188.png,/mnt/vstor/CSE_MSE_RXF131/cradle-members/mds-rely/tgc17/repositories/xct-aluminum-bondwire-corrosion/data/processed/masks/timestep_088_slice_0188.png,88,188,train
/mnt/vstor/CSE_MSE_RXF131/cradle-members/mds-rely/tgc17/repositories/xct-aluminum-bondwire-corrosion/data/processed/images/timestep_088_slice_0190.png,/mnt/vstor/CSE_MSE_RXF131/cradle-members/mds-rely/tgc17/repositories/xct-aluminum-bondwire-corrosion/data/processed/masks/timestep_088_slice_0190.png,88,190,train
/mnt/vstor/CSE_MSE_RXF131/cradle-members/mds-rely/tgc17/repositories/xct-aluminum-bondwire-corrosion/data/processed/images/timestep_088_slice_0191.png,/mnt/vstor/CSE_MSE_RXF131/cradle-members/mds-rely/tgc17/repositories/xct-aluminum-bondwire-corrosion/data/processed/masks/timestep_088_slice_0191.png,88,191,train
/mnt/vstor/CSE_MSE_RXF131/cradle-members/mds-rely/tgc17/repositories/xct-aluminum-bondwire-corrosion/data/processed/images/timestep_088_slice_0193.png,/mnt/vstor/CSE_MSE_RXF131/cradle-members/mds-rely/tgc17/repositories/xct-aluminum-bondwire-corrosion/data/processed/masks/timestep_088_slice_0193.png,88,193,train
/mnt/vstor/CSE_MSE_RXF131/cradle-members/mds-rely/tgc17/repositories/xct-aluminum-bondwire-corrosion/data/processed/images/timestep_088_slice_0194.png,/mnt/vstor/CSE_MSE_RXF131/cradle-members/mds-rely/tgc17/repositories/xct-aluminum-bondwire-corrosion/data/processed/masks/timestep_088_slice_0194.png,88,194,train
/mnt/vstor/CSE_MSE_RXF131/cradle-members/mds-rely/tgc17/repositories/xct-aluminum-bondwire-corrosion/data/processed/images/timestep_088_slice_0195.png,/mnt/vstor/CSE_MSE_RXF131/cradle-members/mds-rely/tgc17/repositories/xct-aluminum-bondwire-corrosion/data/processed/masks/timestep_088_slice_0195.png,88,195,train
/mnt/vstor/CSE_MSE_RXF131/cradle-members/mds-rely/tgc17/repositories/xct-aluminum-bondwire-corrosion/data/processed/images/timestep_088_slice_0200.png,/mnt/vstor/CSE_MSE_RXF131/cradle-members/mds-rely/tgc17/repositories/xct-aluminum-bondwire-corrosion/data/processed/masks/timestep_088_slice_0200.png,88,200,train
/mnt/vstor/CSE_MSE_RXF131/cradle-members/mds-rely/tgc17/repositories/xct-aluminum-bondwire-corrosion/data/processed/images/timestep_088_slice_0207.png,/mnt/vstor/CSE_MSE_RXF131/cradle-members/mds-rely/tgc17/repositories/xct-aluminum-bondwire-corrosion/data/processed/masks/timestep_088_slice_0207.png,88,207,train
/mnt/vstor/CSE_MSE_RXF131/cradle-members/mds-rely/tgc17/repositories/xct-aluminum-bondwire-corrosion/data/processed/images/timestep_088_slice_0208.png,/mnt/vstor/CSE_MSE_RXF131/cradle-members/mds-rely/tgc17/repositories/xct-aluminum-bondwire-corrosion/data/processed/masks/timestep_088_slice_0208.png,88,208,train
/mnt/vstor/CSE_MSE_RXF131/cradle-members/mds-rely/tgc17/repositories/xct-aluminum-bondwire-corrosion/data/processed/images/timestep_088_slice_0212.png,/mnt/vstor/CSE_MSE_RXF131/cradle-members/mds-rely/tgc17/repositories/xct-aluminum-bondwire-corrosion/data/processed/masks/timestep_088_slice_0212.png,88,212,train
/mnt/vstor/CSE_MSE_RXF131/cradle-members/mds-rely/tgc17/repositories/xct-aluminum-bondwire-corrosion/data/processed/images/timestep_088_slice_0224.png,/mnt/vstor/CSE_MSE_RXF131/cradle-members/mds-rely/tgc17/repositories/xct-aluminum-bondwire-corrosion/data/processed/masks/timestep_088_slice_0224.png,88,224,train
/mnt/vstor/CSE_MSE_RXF131/cradle-members/mds-rely/tgc17/repositories/xct-aluminum-bondwire-corrosion/data/processed/images/timestep_088_slice_0228.png,/mnt/vstor/CSE_MSE_RXF131/cradle-members/mds-rely/tgc17/repositories/xct-aluminum-bondwire-corrosion/data/processed/masks/timestep_088_slice_0228.png,88,228,train
/mnt/vstor/CSE_MSE_RXF131/cradle-members/mds-rely/tgc17/repositories/xct-aluminum-bondwire-corrosion/data/processed/images/timestep_088_slice_0234.png,/mnt/vstor/CSE_MSE_RXF131/cradle-members/mds-rely/tgc17/repositories/xct-aluminum-bondwire-corrosion/data/processed/masks/timestep_088_slice_0234.png,88,234,train
/mnt/vstor/CSE_MSE_RXF131/cradle-members/mds-rely/tgc17/repositories/xct-aluminum-bondwire-corrosion/data/processed/images/timestep_088_slice_0235.png,/mnt/vstor/CSE_MSE_RXF131/cradle-members/mds-rely/tgc17/repositories/xct-aluminum-bondwire-corrosion/data/processed/masks/timestep_088_slice_0235.png,88,235,train
/mnt/vstor/CSE_MSE_RXF131/cradle-members/mds-rely/tgc17/repositories/xct-aluminum-bondwire-corrosion/data/processed/images/timestep_088_slice_0238.png,/mnt/vstor/CSE_MSE_RXF131/cradle-members/mds-rely/tgc17/repositories/xct-aluminum-bondwire-corrosion/data/processed/masks/timestep_088_slice_0238.png,88,238,train
/mnt/vstor/CSE_MSE_RXF131/cradle-members/mds-rely/tgc17/repositories/xct-aluminum-bondwire-corrosion/data/processed/images/timestep_088_slice_0240.png,/mnt/vstor/CSE_MSE_RXF131/cradle-members/mds-rely/tgc17/repositories/xct-aluminum-bondwire-corrosion/data/processed/masks/timestep_088_slice_0240.png,88,240,train
/mnt/vstor/CSE_MSE_RXF131/cradle-members/mds-rely/tgc17/repositories/xct-aluminum-bondwire-corrosion/data/processed/images/timestep_088_slice_0241.png,/mnt/vstor/CSE_MSE_RXF131/cradle-members/mds-rely/tgc17/repositories/xct-aluminum-bondwire-corrosion/data/processed/masks/timestep_088_slice_0241.png,88,241,train
/mnt/vstor/CSE_MSE_RXF131/cradle-members/mds-rely/tgc17/repositories/xct-aluminum-bondwire-corrosion/data/processed/images/timestep_088_slice_0243.png,/mnt/vstor/CSE_MSE_RXF131/cradle-members/mds-rely/tgc17/repositories/xct-aluminum-bondwire-corrosion/data/processed/masks/timestep_088_slice_0243.png,88,243,train
/mnt/vstor/CSE_MSE_RXF131/cradle-members/mds-rely/tgc17/repositories/xct-aluminum-bondwire-corrosion/data/processed/images/timestep_088_slice_0251.png,/mnt/vstor/CSE_MSE_RXF131/cradle-members/mds-rely/tgc17/repositories/xct-aluminum-bondwire-corrosion/data/processed/masks/timestep_088_slice_0251.png,88,251,train
/mnt/vstor/CSE_MSE_RXF131/cradle-members/mds-rely/tgc17/repositories/xct-aluminum-bondwire-corrosion/data/processed/images/timestep_088_slice_0252.png,/mnt/vstor/CSE_MSE_RXF131/cradle-members/mds-rely/tgc17/repositories/xct-aluminum-bondwire-corrosion/data/processed/masks/timestep_088_slice_0252.png,88,252,train
/mnt/vstor/CSE_MSE_RXF131/cradle-members/mds-rely/tgc17/repositories/xct-aluminum-bondwire-corrosion/data/processed/images/timestep_088_slice_0293.png,/mnt/vstor/CSE_MSE_RXF131/cradle-members/mds-rely/tgc17/repositories/xct-aluminum-bondwire-corrosion/data/processed/masks/timestep_088_slice_0293.png,88,293,train
/mnt/vstor/CSE_MSE_RXF131/cradle-members/mds-rely/tgc17/repositories/xct-aluminum-bondwire-corrosion/data/processed/images/timestep_088_slice_0296.png,/mnt/vstor/CSE_MSE_RXF131/cradle-members/mds-rely/tgc17/repositories/xct-aluminum-bondwire-corrosion/data/processed/masks/timestep_088_slice_0296.png,88,296,train
/mnt/vstor/CSE_MSE_RXF131/cradle-members/mds-rely/tgc17/repositories/xct-aluminum-bondwire-corrosion/data/processed/images/timestep_088_slice_0303.png,/mnt/vstor/CSE_MSE_RXF131/cradle-members/mds-rely/tgc17/repositories/xct-aluminum-bondwire-corrosion/data/processed/masks/timestep_088_slice_0303.png,88,303,train
/mnt/vstor/CSE_MSE_RXF131/cradle-members/mds-rely/tgc17/repositories/xct-aluminum-bondwire-corrosion/data/processed/images/timestep_088_slice_0403.png,/mnt/vstor/CSE_MSE_RXF131/cradle-members/mds-rely/tgc17/repositories/xct-aluminum-bondwire-corrosion/data/processed/masks/timestep_088_slice_0403.png,88,403,train
/mnt/vstor/CSE_MSE_RXF131/cradle-members/mds-rely/tgc17/repositories/xct-aluminum-bondwire-corrosion/data/processed/images/timestep_088_slice_0404.png,/mnt/vstor/CSE_MSE_RXF131/cradle-members/mds-rely/tgc17/repositories/xct-aluminum-bondwire-corrosion/data/processed/masks/timestep_088_slice_0404.png,88,404,train
/mnt/vstor/CSE_MSE_RXF131/cradle-members/mds-rely/tgc17/repositories/xct-aluminum-bondwire-corrosion/data/processed/images/timestep_088_slice_0406.png,/mnt/vstor/CSE_MSE_RXF131/cradle-members/mds-rely/tgc17/repositories/xct-aluminum-bondwire-corrosion/data/processed/masks/timestep_088_slice_0406.png,88,406,train
/mnt/vstor/CSE_MSE_RXF131/cradle-members/mds-rely/tgc17/repositories/xct-aluminum-bondwire-corrosion/data/processed/images/timestep_088_slice_0412.png,/mnt/vstor/CSE_MSE_RXF131/cradle-members/mds-rely/tgc17/repositories/xct-aluminum-bondwire-corrosion/data/processed/masks/timestep_088_slice_0412.png,88,412,train
/mnt/vstor/CSE_MSE_RXF131/cradle-members/mds-rely/tgc17/repositories/xct-aluminum-bondwire-corrosion/data/processed/images/timestep_088_slice_0413.png,/mnt/vstor/CSE_MSE_RXF131/cradle-members/mds-rely/tgc17/repositories/xct-aluminum-bondwire-corrosion/data/processed/masks/timestep_088_slice_0413.png,88,413,train
/mnt/vstor/CSE_MSE_RXF131/cradle-members/mds-rely/tgc17/repositories/xct-aluminum-bondwire-corrosion/data/processed/images/timestep_088_slice_0435.png,/mnt/vstor/CSE_MSE_RXF131/cradle-members/mds-rely/tgc17/repositories/xct-aluminum-bondwire-corrosion/data/processed/masks/timestep_088_slice_0435.png,88,435,train
/mnt/vstor/CSE_MSE_RXF131/cradle-members/mds-rely/tgc17/repositories/xct-aluminum-bondwire-corrosion/data/processed/images/timestep_088_slice_0488.png,/mnt/vstor/CSE_MSE_RXF131/cradle-members/mds-rely/tgc17/repositories/xct-aluminum-bondwire-corrosion/data/processed/masks/timestep_088_slice_0488.png,88,488,train
/mnt/vstor/CSE_MSE_RXF131/cradle-members/mds-rely/tgc17/repositories/xct-aluminum-bondwire-corrosion/data/processed/images/timestep_088_slice_0494.png,/mnt/vstor/CSE_MSE_RXF131/cradle-members/mds-rely/tgc17/repositories/xct-aluminum-bondwire-corrosion/data/processed/masks/timestep_088_slice_0494.png,88,494,train
/mnt/vstor/CSE_MSE_RXF131/cradle-members/mds-rely/tgc17/repositories/xct-aluminum-bondwire-corrosion/data/processed/images/timestep_088_slice_0496.png,/mnt/vstor/CSE_MSE_RXF131/cradle-members/mds-rely/tgc17/repositories/xct-aluminum-bondwire-corrosion/data/processed/masks/timestep_088_slice_0496.png,88,496,train
/mnt/vstor/CSE_MSE_RXF131/cradle-members/mds-rely/tgc17/repositories/xct-aluminum-bondwire-corrosion/data/processed/images/timestep_088_slice_0498.png,/mnt/vstor/CSE_MSE_RXF131/cradle-members/mds-rely/tgc17/repositories/xct-aluminum-bondwire-corrosion/data/processed/masks/timestep_088_slice_0498.png,88,498,train
/mnt/vstor/CSE_MSE_RXF131/cradle-members/mds-rely/tgc17/repositories/xct-aluminum-bondwire-corrosion/data/processed/images/timestep_088_slice_0499.png,/mnt/vstor/CSE_MSE_RXF131/cradle-members/mds-rely/tgc17/repositories/xct-aluminum-bondwire-corrosion/data/processed/masks/timestep_088_slice_0499.png,88,499,train
/mnt/vstor/CSE_MSE_RXF131/cradle-members/mds-rely/tgc17/repositories/xct-aluminum-bondwire-corrosion/data/processed/images/timestep_088_slice_0500.png,/mnt/vstor/CSE_MSE_RXF131/cradle-members/mds-rely/tgc17/repositories/xct-aluminum-bondwire-corrosion/data/processed/masks/timestep_088_slice_0500.png,88,500,train
/mnt/vstor/CSE_MSE_RXF131/cradle-members/mds-rely/tgc17/repositories/xct-aluminum-bondwire-corrosion/data/processed/images/timestep_088_slice_0501.png,/mnt/vstor/CSE_MSE_RXF131/cradle-members/mds-rely/tgc17/repositories/xct-aluminum-bondwire-corrosion/data/processed/masks/timestep_088_slice_0501.png,88,501,train
/mnt/vstor/CSE_MSE_RXF131/cradle-members/mds-rely/tgc17/repositories/xct-aluminum-bondwire-corrosion/data/processed/images/timestep_088_slice_0502.png,/mnt/vstor/CSE_MSE_RXF131/cradle-members/mds-rely/tgc17/repositories/xct-aluminum-bondwire-corrosion/data/processed/masks/timestep_088_slice_0502.png,88,502,train
/mnt/vstor/CSE_MSE_RXF131/cradle-members/mds-rely/tgc17/repositories/xct-aluminum-bondwire-corrosion/data/processed/images/timestep_088_slice_0509.png,/mnt/vstor/CSE_MSE_RXF131/cradle-members/mds-rely/tgc17/repositories/xct-aluminum-bondwire-corrosion/data/processed/masks/timestep_088_slice_0509.png,88,509,train
/mnt/vstor/CSE_MSE_RXF131/cradle-members/mds-rely/tgc17/repositories/xct-aluminum-bondwire-corrosion/data/processed/images/timestep_088_slice_0511.png,/mnt/vstor/CSE_MSE_RXF131/cradle-members/mds-rely/tgc17/repositories/xct-aluminum-bondwire-corrosion/data/processed/masks/timestep_088_slice_0511.png,88,511,train
/mnt/vstor/CSE_MSE_RXF131/cradle-members/mds-rely/tgc17/repositories/xct-aluminum-bondwire-corrosion/data/processed/images/timestep_088_slice_0512.png,/mnt/vstor/CSE_MSE_RXF131/cradle-members/mds-rely/tgc17/repositories/xct-aluminum-bondwire-corrosion/data/processed/masks/timestep_088_slice_0512.png,88,512,train
/mnt/vstor/CSE_MSE_RXF131/cradle-members/mds-rely/tgc17/repositories/xct-aluminum-bondwire-corrosion/data/processed/images/timestep_088_slice_0575.png,/mnt/vstor/CSE_MSE_RXF131/cradle-members/mds-rely/tgc17/repositories/xct-aluminum-bondwire-corrosion/data/processed/masks/timestep_088_slice_0575.png,88,575,train
/mnt/vstor/CSE_MSE_RXF131/cradle-members/mds-rely/tgc17/repositories/xct-aluminum-bondwire-corrosion/data/processed/images/timestep_088_slice_0576.png,/mnt/vstor/CSE_MSE_RXF131/cradle-members/mds-rely/tgc17/repositories/xct-aluminum-bondwire-corrosion/data/processed/masks/timestep_088_slice_0576.png,88,576,train
/mnt/vstor/CSE_MSE_RXF131/cradle-members/mds-rely/tgc17/repositories/xct-aluminum-bondwire-corrosion/data/processed/images/timestep_088_slice_0577.png,/mnt/vstor/CSE_MSE_RXF131/cradle-members/mds-rely/tgc17/repositories/xct-aluminum-bondwire-corrosion/data/processed/masks/timestep_088_slice_0577.png,88,577,train
/mnt/vstor/CSE_MSE_RXF131/cradle-members/mds-rely/tgc17/repositories/xct-aluminum-bondwire-corrosion/data/processed/images/timestep_088_slice_0579.png,/mnt/vstor/CSE_MSE_RXF131/cradle-members/mds-rely/tgc17/repositories/xct-aluminum-bondwire-corrosion/data/processed/masks/timestep_088_slice_0579.png,88,579,train
/mnt/vstor/CSE_MSE_RXF131/cradle-members/mds-rely/tgc17/repositories/xct-aluminum-bondwire-corrosion/data/processed/images/timestep_088_slice_0581.png,/mnt/vstor/CSE_MSE_RXF131/cradle-members/mds-rely/tgc17/repositories/xct-aluminum-bondwire-corrosion/data/processed/masks/timestep_088_slice_0581.png,88,581,train
/mnt/vstor/CSE_MSE_RXF131/cradle-members/mds-rely/tgc17/repositories/xct-aluminum-bondwire-corrosion/data/processed/images/timestep_088_slice_0585.png,/mnt/vstor/CSE_MSE_RXF131/cradle-members/mds-rely/tgc17/repositories/xct-aluminum-bondwire-corrosion/data/processed/masks/timestep_088_slice_0585.png,88,585,train
/mnt/vstor/CSE_MSE_RXF131/cradle-members/mds-rely/tgc17/repositories/xct-aluminum-bondwire-corrosion/data/processed/images/timestep_088_slice_0586.png,/mnt/vstor/CSE_MSE_RXF131/cradle-members/mds-rely/tgc17/repositories/xct-aluminum-bondwire-corrosion/data/processed/masks/timestep_088_slice_0586.png,88,586,train
/mnt/vstor/CSE_MSE_RXF131/cradle-members/mds-rely/tgc17/repositories/xct-aluminum-bondwire-corrosion/data/processed/images/timestep_088_slice_0588.png,/mnt/vstor/CSE_MSE_RXF131/cradle-members/mds-rely/tgc17/repositories/xct-aluminum-bondwire-corrosion/data/processed/masks/timestep_088_slice_0588.png,88,588,train
/mnt/vstor/CSE_MSE_RXF131/cradle-members/mds-rely/tgc17/repositories/xct-aluminum-bondwire-corrosion/data/processed/images/timestep_088_slice_0589.png,/mnt/vstor/CSE_MSE_RXF131/cradle-members/mds-rely/tgc17/repositories/xct-aluminum-bondwire-corrosion/data/processed/masks/timestep_088_slice_0589.png,88,589,train
/mnt/vstor/CSE_MSE_RXF131/cradle-members/mds-rely/tgc17/repositories/xct-aluminum-bondwire-corrosion/data/processed/images/timestep_088_slice_0591.png,/mnt/vstor/CSE_MSE_RXF131/cradle-members/mds-rely/tgc17/repositories/xct-aluminum-bondwire-corrosion/data/processed/masks/timestep_088_slice_0591.png,88,591,train
/mnt/vstor/CSE_MSE_RXF131/cradle-members/mds-rely/tgc17/repositories/xct-aluminum-bondwire-corrosion/data/processed/images/timestep_088_slice_0595.png,/mnt/vstor/CSE_MSE_RXF131/cradle-members/mds-rely/tgc17/repositories/xct-aluminum-bondwire-corrosion/data/processed/masks/timestep_088_slice_0595.png,88,595,train
/mnt/vstor/CSE_MSE_RXF131/cradle-members/mds-rely/tgc17/repositories/xct-aluminum-bondwire-corrosion/data/processed/images/timestep_088_slice_0610.png,/mnt/vstor/CSE_MSE_RXF131/cradle-members/mds-rely/tgc17/repositories/xct-aluminum-bondwire-corrosion/data/processed/masks/timestep_088_slice_0610.png,88,610,train
/mnt/vstor/CSE_MSE_RXF131/cradle-members/mds-rely/tgc17/repositories/xct-aluminum-bondwire-corrosion/data/processed/images/timestep_088_slice_0618.png,/mnt/vstor/CSE_MSE_RXF131/cradle-members/mds-rely/tgc17/repositories/xct-aluminum-bondwire-corrosion/data/processed/masks/timestep_088_slice_0618.png,88,618,train
/mnt/vstor/CSE_MSE_RXF131/cradle-members/mds-rely/tgc17/repositories/xct-aluminum-bondwire-corrosion/data/processed/images/timestep_088_slice_0922.png,/mnt/vstor/CSE_MSE_RXF131/cradle-members/mds-rely/tgc17/repositories/xct-aluminum-bondwire-corrosion/data/processed/masks/timestep_088_slice_0922.png,88,922,train
/mnt/vstor/CSE_MSE_RXF131/cradle-members/mds-rely/tgc17/repositories/xct-aluminum-bondwire-corrosion/data/processed/images/timestep_088_slice_0965.png,/mnt/vstor/CSE_MSE_RXF131/cradle-members/mds-rely/tgc17/repositories/xct-aluminum-bondwire-corrosion/data/processed/masks/timestep_088_slice_0965.png,88,965,train
/mnt/vstor/CSE_MSE_RXF131/cradle-members/mds-rely/tgc17/repositories/xct-aluminum-bondwire-corrosion/data/processed/images/timestep_088_slice_0966.png,/mnt/vstor/CSE_MSE_RXF131/cradle-members/mds-rely/tgc17/repositories/xct-aluminum-bondwire-corrosion/data/processed/masks/timestep_088_slice_0966.png,88,966,train
/mnt/vstor/CSE_MSE_RXF131/cradle-members/mds-rely/tgc17/repositories/xct-aluminum-bondwire-corrosion/data/processed/images/timestep_088_slice_0967.png,/mnt/vstor/CSE_MSE_RXF131/cradle-members/mds-rely/tgc17/repositories/xct-aluminum-bondwire-corrosion/data/processed/masks/timestep_088_slice_0967.png,88,967,train
/mnt/vstor/CSE_MSE_RXF131/cradle-members/mds-rely/tgc17/repositories/xct-aluminum-bondwire-corrosion/data/processed/images/timestep_088_slice_0968.png,/mnt/vstor/CSE_MSE_RXF131/cradle-members/mds-rely/tgc17/repositories/xct-aluminum-bondwire-corrosion/data/processed/masks/timestep_088_slice_0968.png,88,968,train
/mnt/vstor/CSE_MSE_RXF131/cradle-members/mds-rely/tgc17/repositories/xct-aluminum-bondwire-corrosion/data/processed/images/timestep_088_slice_0970.png,/mnt/vstor/CSE_MSE_RXF131/cradle-members/mds-rely/tgc17/repositories/xct-aluminum-bondwire-corrosion/data/processed/masks/timestep_088_slice_0970.png,88,970,train
/mnt/vstor/CSE_MSE_RXF131/cradle-members/mds-rely/tgc17/repositories/xct-aluminum-bondwire-corrosion/data/processed/images/timestep_088_slice_0972.png,/mnt/vstor/CSE_MSE_RXF131/cradle-members/mds-rely/tgc17/repositories/xct-aluminum-bondwire-corrosion/data/processed/masks/timestep_088_slice_0972.png,88,972,train
/mnt/vstor/CSE_MSE_RXF131/cradle-members/mds-rely/tgc17/repositories/xct-aluminum-bondwire-corrosion/data/processed/images/timestep_088_slice_0973.png,/mnt/vstor/CSE_MSE_RXF131/cradle-members/mds-rely/tgc17/repositories/xct-aluminum-bondwire-corrosion/data/processed/masks/timestep_088_slice_0973.png,88,973,train
/mnt/vstor/CSE_MSE_RXF131/cradle-members/mds-rely/tgc17/repositories/xct-aluminum-bondwire-corrosion/data/processed/images/timestep_088_slice_0983.png,/mnt/vstor/CSE_MSE_RXF131/cradle-members/mds-rely/tgc17/repositories/xct-aluminum-bondwire-corrosion/data/processed/masks/timestep_088_slice_0983.png,88,983,train
/mnt/vstor/CSE_MSE_RXF131/cradle-members/mds-rely/tgc17/repositories/xct-aluminum-bondwire-corrosion/data/processed/images/timestep_088_slice_0984.png,/mnt/vstor/CSE_MSE_RXF131/cradle-members/mds-rely/tgc17/repositories/xct-aluminum-bondwire-corrosion/data/processed/masks/timestep_088_slice_0984.png,88,984,train
